<?xml version="1.0" encoding="UTF-8"?>
<kml xmlns="http://www.opengis.net/kml/2.2" xmlns:gx="http://www.google.com/kml/ext/2.2" xmlns:kml="http://www.opengis.net/kml/2.2" xmlns:atom="http://www.w3.org/2005/Atom">
<Document>
	<name>EVG_Sitari.kml</name>
	<StyleMap id="m_ylw-pushpin">
		<Pair>
			<key>normal</key>
			<styleUrl>#s_ylw-pushpin</styleUrl>
		</Pair>
		<Pair>
			<key>highlight</key>
			<styleUrl>#s_ylw-pushpin_hl</styleUrl>
		</Pair>
	</StyleMap>
	<StyleMap id="msn_placemark_square">
		<Pair>
			<key>normal</key>
			<styleUrl>#sn_placemark_square</styleUrl>
		</Pair>
		<Pair>
			<key>highlight</key>
			<styleUrl>#sh_placemark_square_highlight</styleUrl>
		</Pair>
	</StyleMap>
	<StyleMap id="msn_square">
		<Pair>
			<key>normal</key>
			<styleUrl>#sn_square0</styleUrl>
		</Pair>
		<Pair>
			<key>highlight</key>
			<styleUrl>#sh_square0</styleUrl>
		</Pair>
	</StyleMap>
	<StyleMap id="msn_square0">
		<Pair>
			<key>normal</key>
			<styleUrl>#sn_square</styleUrl>
		</Pair>
		<Pair>
			<key>highlight</key>
			<styleUrl>#sh_square</styleUrl>
		</Pair>
	</StyleMap>
	<StyleMap id="msn_ylw-pushpin">
		<Pair>
			<key>normal</key>
			<styleUrl>#sn_ylw-pushpin</styleUrl>
		</Pair>
		<Pair>
			<key>highlight</key>
			<styleUrl>#sh_ylw-pushpin</styleUrl>
		</Pair>
	</StyleMap>
	<Style id="s_ylw-pushpin">
		<IconStyle>
			<color>ff00ff55</color>
			<scale>1.2</scale>
			<Icon>
				<href>http://maps.google.com/mapfiles/kml/shapes/placemark_square.png</href>
			</Icon>
		</IconStyle>
		<ListStyle>
		</ListStyle>
	</Style>
	<Style id="s_ylw-pushpin_hl">
		<IconStyle>
			<color>ff00ff55</color>
			<scale>1.2</scale>
			<Icon>
				<href>http://maps.google.com/mapfiles/kml/shapes/placemark_square_highlight.png</href>
			</Icon>
		</IconStyle>
		<ListStyle>
		</ListStyle>
	</Style>
	<Style id="sh_placemark_square_highlight">
		<IconStyle>
			<color>ff00ff55</color>
			<scale>1.2</scale>
			<Icon>
				<href>http://maps.google.com/mapfiles/kml/shapes/placemark_square_highlight.png</href>
			</Icon>
		</IconStyle>
		<BalloonStyle>
		</BalloonStyle>
		<ListStyle>
		</ListStyle>
	</Style>
	<Style id="sh_square">
		<IconStyle>
			<color>ffffff00</color>
			<scale>1.4</scale>
			<Icon>
				<href>http://maps.google.com/mapfiles/kml/shapes/square.png</href>
			</Icon>
		</IconStyle>
		<BalloonStyle>
		</BalloonStyle>
		<ListStyle>
		</ListStyle>
	</Style>
	<Style id="sh_square0">
		<IconStyle>
			<color>ffffff00</color>
			<scale>1.4</scale>
			<Icon>
				<href>http://maps.google.com/mapfiles/kml/shapes/square.png</href>
			</Icon>
		</IconStyle>
		<BalloonStyle>
		</BalloonStyle>
		<ListStyle>
		</ListStyle>
	</Style>
	<Style id="sh_ylw-pushpin">
		<IconStyle>
			<scale>1.3</scale>
			<Icon>
				<href>http://maps.google.com/mapfiles/kml/pushpin/ylw-pushpin.png</href>
			</Icon>
			<hotSpot x="20" y="2" xunits="pixels" yunits="pixels"/>
		</IconStyle>
		<BalloonStyle>
		</BalloonStyle>
		<PolyStyle>
			<color>80ffff00</color>
		</PolyStyle>
	</Style>
	<Style id="sn_placemark_square">
		<IconStyle>
			<color>ff00ff55</color>
			<scale>1.2</scale>
			<Icon>
				<href>http://maps.google.com/mapfiles/kml/shapes/placemark_square.png</href>
			</Icon>
		</IconStyle>
		<BalloonStyle>
		</BalloonStyle>
		<ListStyle>
		</ListStyle>
	</Style>
	<Style id="sn_square">
		<IconStyle>
			<color>ffffff00</color>
			<scale>1.2</scale>
			<Icon>
				<href>http://maps.google.com/mapfiles/kml/shapes/square.png</href>
			</Icon>
		</IconStyle>
		<BalloonStyle>
		</BalloonStyle>
		<ListStyle>
		</ListStyle>
	</Style>
	<Style id="sn_square0">
		<IconStyle>
			<color>ffffff00</color>
			<scale>1.2</scale>
			<Icon>
				<href>http://maps.google.com/mapfiles/kml/shapes/square.png</href>
			</Icon>
		</IconStyle>
		<BalloonStyle>
		</BalloonStyle>
		<ListStyle>
		</ListStyle>
	</Style>
	<Style id="sn_ylw-pushpin">
		<IconStyle>
			<scale>1.1</scale>
			<Icon>
				<href>http://maps.google.com/mapfiles/kml/pushpin/ylw-pushpin.png</href>
			</Icon>
			<hotSpot x="20" y="2" xunits="pixels" yunits="pixels"/>
		</IconStyle>
		<BalloonStyle>
		</BalloonStyle>
		<PolyStyle>
			<color>80ffff00</color>
		</PolyStyle>
	</Style>
	<Folder>
		<name>Evergreen Sitari</name>
		<open>1</open>
		<GroundOverlay>
			<name>SIT Image overlay latest</name>
			<color>ccffffff</color>
			<Icon>
				<href>Site images and reticulation/site photo latest.jpeg</href>
				<viewBoundScale>0.75</viewBoundScale>
			</Icon>
			<LatLonBox>
				<north>-34.05303928132194</north>
				<south>-34.05545966873979</south>
				<east>18.78020263027748</east>
				<west>18.77495569441334</west>
				<rotation>53.67796325683594</rotation>
			</LatLonBox>
		</GroundOverlay>
		<Folder>
			<name>FS Units</name>
			<Placemark>
				<name>001</name>
				<styleUrl>#msn_ylw-pushpin</styleUrl>
				<Polygon>
					<tessellate>1</tessellate>
					<outerBoundaryIs>
						<LinearRing>
							<coordinates>
								18.77937769197204,-34.05287451716406,0 18.7793327003483,-34.05296714631778,0 18.7795443091418,-34.05300264484227,0 18.77957068820376,-34.05290525271682,0 18.77937769197204,-34.05287451716406,0 
							</coordinates>
						</LinearRing>
					</outerBoundaryIs>
				</Polygon>
			</Placemark>
			<Placemark>
				<name>002</name>
				<styleUrl>#msn_ylw-pushpin</styleUrl>
				<Polygon>
					<tessellate>1</tessellate>
					<outerBoundaryIs>
						<LinearRing>
							<coordinates>
								18.7793360392039,-34.05296830555513,0 18.77930106723704,-34.05305548229347,0 18.77952019897891,-34.05309014880596,0 18.77954569618019,-34.05300662547499,0 18.7793360392039,-34.05296830555513,0 
							</coordinates>
						</LinearRing>
					</outerBoundaryIs>
				</Polygon>
			</Placemark>
			<Placemark>
				<name>003</name>
				<styleUrl>#msn_ylw-pushpin</styleUrl>
				<Polygon>
					<tessellate>1</tessellate>
					<outerBoundaryIs>
						<LinearRing>
							<coordinates>
								18.77891927101864,-34.05296216435779,0 18.77889260226388,-34.05305471622401,0 18.77912662623622,-34.0530894575564,0 18.77913691775844,-34.05301471924612,0 18.77891927101864,-34.05296216435779,0 
							</coordinates>
						</LinearRing>
					</outerBoundaryIs>
				</Polygon>
			</Placemark>
			<Placemark>
				<name>004</name>
				<styleUrl>#msn_ylw-pushpin</styleUrl>
				<Polygon>
					<tessellate>1</tessellate>
					<outerBoundaryIs>
						<LinearRing>
							<coordinates>
								18.77930929896209,-34.0530630182766,0 18.77928385306602,-34.05314207419615,0 18.77948830466952,-34.05318318603897,0 18.77951833528845,-34.05309931823879,0 18.77930929896209,-34.0530630182766,0 
							</coordinates>
						</LinearRing>
					</outerBoundaryIs>
				</Polygon>
			</Placemark>
			<Placemark>
				<name>005</name>
				<styleUrl>#msn_ylw-pushpin</styleUrl>
				<Polygon>
					<tessellate>1</tessellate>
					<outerBoundaryIs>
						<LinearRing>
							<coordinates>
								18.778900261058,-34.05306743063841,0 18.77887009979885,-34.05313892621528,0 18.77911012104075,-34.05318337304639,0 18.77913559618826,-34.05310692427697,0 18.778900261058,-34.05306743063841,0 
							</coordinates>
						</LinearRing>
					</outerBoundaryIs>
				</Polygon>
			</Placemark>
			<Placemark>
				<name>006</name>
				<styleUrl>#msn_ylw-pushpin</styleUrl>
				<Polygon>
					<tessellate>1</tessellate>
					<outerBoundaryIs>
						<LinearRing>
							<coordinates>
								18.77928717301084,-34.05314365626029,0 18.77926267982262,-34.05322085879601,0 18.77946167915243,-34.05326149489203,0 18.7794851198636,-34.05318496288104,0 18.77928717301084,-34.05314365626029,0 
							</coordinates>
						</LinearRing>
					</outerBoundaryIs>
				</Polygon>
			</Placemark>
			<Placemark>
				<name>007</name>
				<styleUrl>#msn_ylw-pushpin</styleUrl>
				<Polygon>
					<tessellate>1</tessellate>
					<outerBoundaryIs>
						<LinearRing>
							<coordinates>
								18.77887287560697,-34.0531375567404,0 18.77884604068607,-34.05322706741022,0 18.77907976894691,-34.05326425441915,0 18.7791082614926,-34.05317867023782,0 18.77887287560697,-34.0531375567404,0 
							</coordinates>
						</LinearRing>
					</outerBoundaryIs>
				</Polygon>
			</Placemark>
			<Placemark>
				<name>008</name>
				<styleUrl>#msn_ylw-pushpin</styleUrl>
				<Polygon>
					<tessellate>1</tessellate>
					<outerBoundaryIs>
						<LinearRing>
							<coordinates>
								18.77926997808571,-34.05323605624035,0 18.77924399152013,-34.05331185582727,0 18.77942794210761,-34.0533474893896,0 18.77946293716457,-34.05327195334549,0 18.77926997808571,-34.05323605624035,0 
							</coordinates>
						</LinearRing>
					</outerBoundaryIs>
				</Polygon>
			</Placemark>
			<Placemark>
				<name>009</name>
				<styleUrl>#msn_ylw-pushpin</styleUrl>
				<Polygon>
					<tessellate>1</tessellate>
					<outerBoundaryIs>
						<LinearRing>
							<coordinates>
								18.77884402708626,-34.05322781834067,0 18.77881388124491,-34.05331752697542,0 18.77904276479567,-34.05336068936808,0 18.77907691597085,-34.05327519254861,0 18.77884402708626,-34.05322781834067,0 
							</coordinates>
						</LinearRing>
					</outerBoundaryIs>
				</Polygon>
			</Placemark>
			<Placemark>
				<name>010</name>
				<styleUrl>#msn_ylw-pushpin</styleUrl>
				<Polygon>
					<tessellate>1</tessellate>
					<outerBoundaryIs>
						<LinearRing>
							<coordinates>
								18.77924981168546,-34.05331274731793,0 18.77922043064772,-34.05340314055052,0 18.77940373097176,-34.0534338791198,0 18.77942785663191,-34.05335070535003,0 18.77924981168546,-34.05331274731793,0 
							</coordinates>
						</LinearRing>
					</outerBoundaryIs>
				</Polygon>
			</Placemark>
			<Placemark>
				<name>011</name>
				<styleUrl>#msn_ylw-pushpin</styleUrl>
				<Polygon>
					<tessellate>1</tessellate>
					<outerBoundaryIs>
						<LinearRing>
							<coordinates>
								18.77881420034476,-34.05331642184591,0 18.7787928666125,-34.05339056939648,0 18.77900805158177,-34.05343828174589,0 18.77903457092606,-34.05336018605409,0 18.77881420034476,-34.05331642184591,0 
							</coordinates>
						</LinearRing>
					</outerBoundaryIs>
				</Polygon>
			</Placemark>
			<Placemark>
				<name>012</name>
				<styleUrl>#msn_ylw-pushpin</styleUrl>
				<Polygon>
					<tessellate>1</tessellate>
					<outerBoundaryIs>
						<LinearRing>
							<coordinates>
								18.77921194456352,-34.05341609434191,0 18.77918954134526,-34.05349228548994,0 18.77936948436371,-34.05352648015943,0 18.77940252248021,-34.05345101384317,0 18.77921194456352,-34.05341609434191,0 
							</coordinates>
						</LinearRing>
					</outerBoundaryIs>
				</Polygon>
			</Placemark>
			<Placemark>
				<name>013</name>
				<styleUrl>#msn_ylw-pushpin</styleUrl>
				<Polygon>
					<tessellate>1</tessellate>
					<outerBoundaryIs>
						<LinearRing>
							<coordinates>
								18.7787930002021,-34.05339996321351,0 18.77876244168526,-34.05348639342364,0 18.77898388246408,-34.05352749800634,0 18.77900917631034,-34.05344894423759,0 18.7787930002021,-34.05339996321351,0 
							</coordinates>
						</LinearRing>
					</outerBoundaryIs>
				</Polygon>
			</Placemark>
			<Placemark>
				<name>014</name>
				<styleUrl>#msn_ylw-pushpin</styleUrl>
				<Polygon>
					<tessellate>1</tessellate>
					<outerBoundaryIs>
						<LinearRing>
							<coordinates>
								18.77919369668592,-34.05349558477872,0 18.77916628911918,-34.05357386839044,0 18.77934309111418,-34.05360725879167,0 18.77937024151883,-34.05352837325551,0 18.77919369668592,-34.05349558477872,0 
							</coordinates>
						</LinearRing>
					</outerBoundaryIs>
				</Polygon>
			</Placemark>
			<Placemark>
				<name>015</name>
				<styleUrl>#msn_ylw-pushpin</styleUrl>
				<Polygon>
					<tessellate>1</tessellate>
					<outerBoundaryIs>
						<LinearRing>
							<coordinates>
								18.7787628241837,-34.05348998085626,0 18.7787379586552,-34.05356701109817,0 18.77895205299434,-34.0536140787971,0 18.77898061379862,-34.05352917873082,0 18.7787628241837,-34.05348998085626,0 
							</coordinates>
						</LinearRing>
					</outerBoundaryIs>
				</Polygon>
			</Placemark>
			<Placemark>
				<name>016</name>
				<styleUrl>#msn_ylw-pushpin</styleUrl>
				<Polygon>
					<tessellate>1</tessellate>
					<outerBoundaryIs>
						<LinearRing>
							<coordinates>
								18.77916467752896,-34.05358931899584,0 18.77913835285869,-34.05366884014753,0 18.7793190265534,-34.05370824488568,0 18.77935069523941,-34.05362581520843,0 18.77916467752896,-34.05358931899584,0 
							</coordinates>
						</LinearRing>
					</outerBoundaryIs>
				</Polygon>
			</Placemark>
			<Placemark>
				<name>017</name>
				<styleUrl>#msn_ylw-pushpin</styleUrl>
				<Polygon>
					<tessellate>1</tessellate>
					<outerBoundaryIs>
						<LinearRing>
							<coordinates>
								18.7787391390286,-34.05357775154631,0 18.77871037327596,-34.05365861022625,0 18.77892494801544,-34.05370847737652,0 18.77894594417579,-34.05362565056351,0 18.7787391390286,-34.05357775154631,0 
							</coordinates>
						</LinearRing>
					</outerBoundaryIs>
				</Polygon>
			</Placemark>
			<Placemark>
				<name>018</name>
				<styleUrl>#msn_ylw-pushpin</styleUrl>
				<Polygon>
					<tessellate>1</tessellate>
					<outerBoundaryIs>
						<LinearRing>
							<coordinates>
								18.77914672126776,-34.05367187239687,0 18.77910726633296,-34.0537554793697,0 18.77930718329704,-34.05378944403801,0 18.77931819260269,-34.05371254899919,0 18.77914672126776,-34.05367187239687,0 
							</coordinates>
						</LinearRing>
					</outerBoundaryIs>
				</Polygon>
			</Placemark>
			<Placemark>
				<name>019</name>
				<styleUrl>#msn_ylw-pushpin</styleUrl>
				<Polygon>
					<tessellate>1</tessellate>
					<outerBoundaryIs>
						<LinearRing>
							<coordinates>
								18.77871574392478,-34.05365962646621,0 18.7786830835525,-34.05374429973014,0 18.77889566394786,-34.0537861989713,0 18.77892557808121,-34.05370628340432,0 18.77871574392478,-34.05365962646621,0 
							</coordinates>
						</LinearRing>
					</outerBoundaryIs>
				</Polygon>
			</Placemark>
			<Placemark>
				<name>020</name>
				<styleUrl>#msn_ylw-pushpin</styleUrl>
				<Polygon>
					<tessellate>1</tessellate>
					<outerBoundaryIs>
						<LinearRing>
							<coordinates>
								18.77910069998368,-34.05376886045143,0 18.7790756567576,-34.05384898345834,0 18.77926093395105,-34.05388508085928,0 18.77929920583965,-34.05380481896384,0 18.77910069998368,-34.05376886045143,0 
							</coordinates>
						</LinearRing>
					</outerBoundaryIs>
				</Polygon>
			</Placemark>
			<Placemark>
				<name>021</name>
				<styleUrl>#msn_ylw-pushpin</styleUrl>
				<Polygon>
					<tessellate>1</tessellate>
					<outerBoundaryIs>
						<LinearRing>
							<coordinates>
								18.77867132404723,-34.05376072061882,0 18.77864586765048,-34.053835038043,0 18.77886867467207,-34.05388501638473,0 18.7788899347419,-34.0538012981108,0 18.77867132404723,-34.05376072061882,0 
							</coordinates>
						</LinearRing>
					</outerBoundaryIs>
				</Polygon>
			</Placemark>
			<Placemark>
				<name>022</name>
				<styleUrl>#msn_ylw-pushpin</styleUrl>
				<Polygon>
					<tessellate>1</tessellate>
					<outerBoundaryIs>
						<LinearRing>
							<coordinates>
								18.77908152373768,-34.05384934147991,0 18.77904451040123,-34.05392934631684,0 18.77924406163774,-34.05396427723381,0 18.77926171057707,-34.05388682967453,0 18.77908152373768,-34.05384934147991,0 
							</coordinates>
						</LinearRing>
					</outerBoundaryIs>
				</Polygon>
			</Placemark>
			<Placemark>
				<name>023</name>
				<styleUrl>#msn_ylw-pushpin</styleUrl>
				<Polygon>
					<tessellate>1</tessellate>
					<outerBoundaryIs>
						<LinearRing>
							<coordinates>
								18.7786455526913,-34.05383614132795,0 18.77861815010996,-34.05392732428557,0 18.77883723674775,-34.05397024476191,0 18.77886836030414,-34.05388611087781,0 18.7786455526913,-34.05383614132795,0 
							</coordinates>
						</LinearRing>
					</outerBoundaryIs>
				</Polygon>
			</Placemark>
			<Placemark>
				<name>024</name>
				<styleUrl>#msn_ylw-pushpin</styleUrl>
				<Polygon>
					<tessellate>1</tessellate>
					<outerBoundaryIs>
						<LinearRing>
							<coordinates>
								18.77904485394678,-34.05395073265527,0 18.77901985211843,-34.05402746572681,0 18.77923431420209,-34.0540721966149,0 18.77925254811401,-34.05399187030475,0 18.77904485394678,-34.05395073265527,0 
							</coordinates>
						</LinearRing>
					</outerBoundaryIs>
				</Polygon>
			</Placemark>
			<Placemark>
				<name>025</name>
				<styleUrl>#msn_ylw-pushpin</styleUrl>
				<Polygon>
					<tessellate>1</tessellate>
					<outerBoundaryIs>
						<LinearRing>
							<coordinates>
								18.7786168956986,-34.05393172607101,0 18.77858852817581,-34.05400644261452,0 18.77880255671352,-34.05405707769364,0 18.77882911597094,-34.05397913237996,0 18.7786168956986,-34.05393172607101,0 
							</coordinates>
						</LinearRing>
					</outerBoundaryIs>
				</Polygon>
			</Placemark>
			<Placemark>
				<name>026</name>
				<styleUrl>#msn_ylw-pushpin</styleUrl>
				<Polygon>
					<tessellate>1</tessellate>
					<outerBoundaryIs>
						<LinearRing>
							<coordinates>
								18.7790231048954,-34.0540254452885,0 18.77899041251572,-34.05411403838071,0 18.77919600627447,-34.05415187224671,0 18.77923352387124,-34.05407629691876,0 18.7790231048954,-34.0540254452885,0 
							</coordinates>
						</LinearRing>
					</outerBoundaryIs>
				</Polygon>
			</Placemark>
			<Placemark>
				<name>027</name>
				<styleUrl>#msn_ylw-pushpin</styleUrl>
				<Polygon>
					<tessellate>1</tessellate>
					<outerBoundaryIs>
						<LinearRing>
							<coordinates>
								18.77859193216756,-34.05400935828395,0 18.77856382583876,-34.05409317038902,0 18.77877976328732,-34.05414129692574,0 18.77879858262119,-34.05405637355663,0 18.77859193216756,-34.05400935828395,0 
							</coordinates>
						</LinearRing>
					</outerBoundaryIs>
				</Polygon>
			</Placemark>
			<Placemark>
				<name>028</name>
				<styleUrl>#msn_ylw-pushpin</styleUrl>
				<Polygon>
					<tessellate>1</tessellate>
					<outerBoundaryIs>
						<LinearRing>
							<coordinates>
								18.77898457596604,-34.05412940700649,0 18.77896736542346,-34.0542070844043,0 18.77915239974956,-34.0542538426297,0 18.7791938774501,-34.05416842812557,0 18.77898457596604,-34.05412940700649,0 
							</coordinates>
						</LinearRing>
					</outerBoundaryIs>
				</Polygon>
			</Placemark>
			<Placemark>
				<name>029</name>
				<styleUrl>#msn_ylw-pushpin</styleUrl>
				<Polygon>
					<tessellate>1</tessellate>
					<outerBoundaryIs>
						<LinearRing>
							<coordinates>
								18.77856007842593,-34.05410632929822,0 18.77852967682612,-34.05419315862961,0 18.77874831827184,-34.05424600202623,0 18.77877273038238,-34.05415610192454,0 18.77856007842593,-34.05410632929822,0 
							</coordinates>
						</LinearRing>
					</outerBoundaryIs>
				</Polygon>
			</Placemark>
			<Placemark>
				<name>030</name>
				<styleUrl>#msn_ylw-pushpin</styleUrl>
				<Polygon>
					<tessellate>1</tessellate>
					<outerBoundaryIs>
						<LinearRing>
							<coordinates>
								18.77896527010424,-34.05421040111912,0 18.77893699950257,-34.05429399838696,0 18.77912281197182,-34.05433084882964,0 18.77915511887573,-34.054252159466,0 18.77896527010424,-34.05421040111912,0 
							</coordinates>
						</LinearRing>
					</outerBoundaryIs>
				</Polygon>
			</Placemark>
			<Placemark>
				<name>031</name>
				<styleUrl>#msn_ylw-pushpin</styleUrl>
				<Polygon>
					<tessellate>1</tessellate>
					<outerBoundaryIs>
						<LinearRing>
							<coordinates>
								18.77853235926601,-34.05419362929235,0 18.77850087971718,-34.05427331578867,0 18.77871671954453,-34.05432219022793,0 18.77874762194567,-34.05424358265164,0 18.77853235926601,-34.05419362929235,0 
							</coordinates>
						</LinearRing>
					</outerBoundaryIs>
				</Polygon>
			</Placemark>
			<Placemark>
				<name>032</name>
				<styleUrl>#msn_ylw-pushpin</styleUrl>
				<Polygon>
					<tessellate>1</tessellate>
					<outerBoundaryIs>
						<LinearRing>
							<coordinates>
								18.77893236842053,-34.05430959924945,0 18.77891038667782,-34.05439371932146,0 18.77910127301821,-34.05443270002644,0 18.77912772716815,-34.05435108768157,0 18.77893236842053,-34.05430959924945,0 
							</coordinates>
						</LinearRing>
					</outerBoundaryIs>
				</Polygon>
			</Placemark>
			<Placemark>
				<name>033</name>
				<styleUrl>#msn_ylw-pushpin</styleUrl>
				<Polygon>
					<tessellate>1</tessellate>
					<outerBoundaryIs>
						<LinearRing>
							<coordinates>
								18.7789111618049,-34.05439521643869,0 18.77887230232319,-34.05447521874139,0 18.77907993927159,-34.05451818110995,0 18.77910266152848,-34.05443552545495,0 18.7789111618049,-34.05439521643869,0 
							</coordinates>
						</LinearRing>
					</outerBoundaryIs>
				</Polygon>
			</Placemark>
			<Placemark>
				<name>034</name>
				<styleUrl>#msn_ylw-pushpin</styleUrl>
				<Polygon>
					<tessellate>1</tessellate>
					<outerBoundaryIs>
						<LinearRing>
							<coordinates>
								18.77871891829965,-34.05482311280984,0 18.77880052961062,-34.0547762056504,0 18.77868066752262,-34.05465244425278,0 18.77859319972885,-34.05470248576169,0 18.77871891829965,-34.05482311280984,0 
							</coordinates>
						</LinearRing>
					</outerBoundaryIs>
				</Polygon>
			</Placemark>
			<Placemark>
				<name>035</name>
				<styleUrl>#msn_ylw-pushpin</styleUrl>
				<Polygon>
					<tessellate>1</tessellate>
					<outerBoundaryIs>
						<LinearRing>
							<coordinates>
								18.77841561844953,-34.05440367143419,0 18.77834063516227,-34.05444757288998,0 18.77834092941829,-34.05444643322214,0 18.77845854575382,-34.05457280013106,0 18.77855490619967,-34.05451921088472,0 18.77841561844953,-34.05440367143419,0 
							</coordinates>
						</LinearRing>
					</outerBoundaryIs>
				</Polygon>
			</Placemark>
			<Placemark>
				<name>036</name>
				<styleUrl>#msn_ylw-pushpin</styleUrl>
				<Polygon>
					<tessellate>1</tessellate>
					<outerBoundaryIs>
						<LinearRing>
							<coordinates>
								18.77862725463351,-34.05488719493975,0 18.77872211687309,-34.05482910222374,0 18.77859577410237,-34.05469979111084,0 18.77850264497846,-34.05474898985836,0 18.77862725463351,-34.05488719493975,0 
							</coordinates>
						</LinearRing>
					</outerBoundaryIs>
				</Polygon>
			</Placemark>
			<Placemark>
				<name>037</name>
				<styleUrl>#msn_ylw-pushpin</styleUrl>
				<Polygon>
					<tessellate>1</tessellate>
					<outerBoundaryIs>
						<LinearRing>
							<coordinates>
								18.77837837214297,-34.05462455893177,0 18.77844250392558,-34.0545765087617,0 18.7783158942688,-34.05445871881494,0 18.7782600026306,-34.05449130101615,0 18.77837837214297,-34.05462455893177,0 
							</coordinates>
						</LinearRing>
					</outerBoundaryIs>
				</Polygon>
			</Placemark>
			<Placemark>
				<name>038</name>
				<styleUrl>#msn_ylw-pushpin</styleUrl>
				<Polygon>
					<tessellate>1</tessellate>
					<outerBoundaryIs>
						<LinearRing>
							<coordinates>
								18.77853804386184,-34.05494096281627,0 18.77861695223536,-34.05490183917385,0 18.77848756926993,-34.0547597637776,0 18.77841363978064,-34.05480765628942,0 18.77853804386184,-34.05494096281627,0 
							</coordinates>
						</LinearRing>
					</outerBoundaryIs>
				</Polygon>
			</Placemark>
			<Placemark>
				<name>039</name>
				<styleUrl>#msn_ylw-pushpin</styleUrl>
				<Polygon>
					<tessellate>1</tessellate>
					<outerBoundaryIs>
						<LinearRing>
							<coordinates>
								18.77829088039515,-34.0546743740757,0 18.77837921114876,-34.05462410934454,0 18.778252997783,-34.05449008368119,0 18.77816713761319,-34.05453856623704,0 18.77829088039515,-34.0546743740757,0 
							</coordinates>
						</LinearRing>
					</outerBoundaryIs>
				</Polygon>
			</Placemark>
			<Placemark>
				<name>040</name>
				<styleUrl>#msn_ylw-pushpin</styleUrl>
				<Polygon>
					<tessellate>1</tessellate>
					<outerBoundaryIs>
						<LinearRing>
							<coordinates>
								18.77844536970305,-34.05499274923078,0 18.77853399976754,-34.05494574923955,0 18.77840853517343,-34.05480522212503,0 18.77831925153313,-34.05485623514335,0 18.77844536970305,-34.05499274923078,0 
							</coordinates>
						</LinearRing>
					</outerBoundaryIs>
				</Polygon>
			</Placemark>
			<Placemark>
				<name>041</name>
				<styleUrl>#msn_ylw-pushpin</styleUrl>
				<Polygon>
					<tessellate>1</tessellate>
					<outerBoundaryIs>
						<LinearRing>
							<coordinates>
								18.7781837761693,-34.05474148823031,0 18.77826350178677,-34.05469277454599,0 18.77815078936283,-34.05456485927129,0 18.77807473915582,-34.05460596721601,0 18.7781837761693,-34.05474148823031,0 
							</coordinates>
						</LinearRing>
					</outerBoundaryIs>
				</Polygon>
			</Placemark>
			<Placemark>
				<name>042</name>
				<styleUrl>#msn_ylw-pushpin</styleUrl>
				<Polygon>
					<tessellate>1</tessellate>
					<outerBoundaryIs>
						<LinearRing>
							<coordinates>
								18.77833600089924,-34.0550497297363,0 18.77842481408049,-34.0550065358511,0 18.77830181528524,-34.05487611181488,0 18.77823129273074,-34.05491697113352,0 18.77833600089924,-34.0550497297363,0 
							</coordinates>
						</LinearRing>
					</outerBoundaryIs>
				</Polygon>
			</Placemark>
			<Placemark>
				<name>043</name>
				<styleUrl>#msn_ylw-pushpin</styleUrl>
				<Polygon>
					<tessellate>1</tessellate>
					<outerBoundaryIs>
						<LinearRing>
							<coordinates>
								18.77810267577684,-34.05478416012743,0 18.77818979275301,-34.05474124256477,0 18.77807141856492,-34.05460456719176,0 18.77798361855414,-34.05465621901022,0 18.77810267577684,-34.05478416012743,0 
							</coordinates>
						</LinearRing>
					</outerBoundaryIs>
				</Polygon>
			</Placemark>
			<Placemark>
				<name>044</name>
				<styleUrl>#msn_ylw-pushpin</styleUrl>
				<Polygon>
					<tessellate>1</tessellate>
					<outerBoundaryIs>
						<LinearRing>
							<coordinates>
								18.77824736777232,-34.05510079072587,0 18.77833878834319,-34.05505362989935,0 18.77822722402719,-34.05491797869485,0 18.77814371951495,-34.05496588261536,0 18.77824736777232,-34.05510079072587,0 
							</coordinates>
						</LinearRing>
					</outerBoundaryIs>
				</Polygon>
			</Placemark>
			<Placemark>
				<name>045</name>
				<styleUrl>#msn_ylw-pushpin</styleUrl>
				<Polygon>
					<tessellate>1</tessellate>
					<outerBoundaryIs>
						<LinearRing>
							<coordinates>
								18.77800004422722,-34.05483823855155,0 18.77807728007799,-34.05479795460356,0 18.77797003823687,-34.05466447223817,0 18.77789019637211,-34.05471128033528,0 18.77800004422722,-34.05483823855155,0 
							</coordinates>
						</LinearRing>
					</outerBoundaryIs>
				</Polygon>
			</Placemark>
			<Placemark>
				<name>046</name>
				<styleUrl>#msn_ylw-pushpin</styleUrl>
				<Polygon>
					<tessellate>1</tessellate>
					<outerBoundaryIs>
						<LinearRing>
							<coordinates>
								18.77813787941792,-34.05515126417139,0 18.77822472195302,-34.05510792978628,0 18.7781193500725,-34.05498693667477,0 18.77803828480856,-34.05503222210845,0 18.77813787941792,-34.05515126417139,0 
							</coordinates>
						</LinearRing>
					</outerBoundaryIs>
				</Polygon>
			</Placemark>
			<Placemark>
				<name>047</name>
				<styleUrl>#msn_ylw-pushpin</styleUrl>
				<Polygon>
					<tessellate>1</tessellate>
					<outerBoundaryIs>
						<LinearRing>
							<coordinates>
								18.7779209345812,-34.05488819995266,0 18.77800050989988,-34.05484826198548,0 18.7778868658412,-34.05470987699444,0 18.77780363832574,-34.05475530055145,0 18.7779209345812,-34.05488819995266,0 
							</coordinates>
						</LinearRing>
					</outerBoundaryIs>
				</Polygon>
			</Placemark>
			<Placemark>
				<name>048</name>
				<styleUrl>#msn_ylw-pushpin</styleUrl>
				<Polygon>
					<tessellate>1</tessellate>
					<outerBoundaryIs>
						<LinearRing>
							<coordinates>
								18.7780559170832,-34.05520880895978,0 18.77814368414806,-34.05515459461766,0 18.77803755838822,-34.05503130921205,0 18.77794830765919,-34.05507842118891,0 18.7780559170832,-34.05520880895978,0 
							</coordinates>
						</LinearRing>
					</outerBoundaryIs>
				</Polygon>
			</Placemark>
			<Placemark>
				<name>049</name>
				<styleUrl>#msn_ylw-pushpin</styleUrl>
				<Polygon>
					<tessellate>1</tessellate>
					<outerBoundaryIs>
						<LinearRing>
							<coordinates>
								18.77781466802387,-34.05493239760494,0 18.77788555436439,-34.0548926733595,0 18.77778673228703,-34.05476908701669,0 18.7777002832242,-34.05481992076952,0 18.77781466802387,-34.05493239760494,0 
							</coordinates>
						</LinearRing>
					</outerBoundaryIs>
				</Polygon>
			</Placemark>
			<Placemark>
				<name>050</name>
				<styleUrl>#msn_ylw-pushpin</styleUrl>
				<Polygon>
					<tessellate>1</tessellate>
					<outerBoundaryIs>
						<LinearRing>
							<coordinates>
								18.77795788083362,-34.05525819170718,0 18.77803933196886,-34.05522560964333,0 18.77792835578703,-34.0550931677596,0 18.77785152990238,-34.05514007889021,0 18.77795788083362,-34.05525819170718,0 
							</coordinates>
						</LinearRing>
					</outerBoundaryIs>
				</Polygon>
			</Placemark>
			<Placemark>
				<name>051</name>
				<styleUrl>#msn_ylw-pushpin</styleUrl>
				<Polygon>
					<tessellate>1</tessellate>
					<outerBoundaryIs>
						<LinearRing>
							<coordinates>
								18.77772368124208,-34.05498951038335,0 18.77781222997847,-34.05493903360942,0 18.77769966375169,-34.05481686167142,0 18.77761622678781,-34.05486243283342,0 18.77772368124208,-34.05498951038335,0 
							</coordinates>
						</LinearRing>
					</outerBoundaryIs>
				</Polygon>
			</Placemark>
			<Placemark>
				<name>052</name>
				<styleUrl>#msn_ylw-pushpin</styleUrl>
				<Polygon>
					<tessellate>1</tessellate>
					<outerBoundaryIs>
						<LinearRing>
							<coordinates>
								18.77787478340153,-34.05530853444391,0 18.777959687403,-34.05526239929616,0 18.77784968852307,-34.05513977004785,0 18.77777065151657,-34.05518003338287,0 18.77787478340153,-34.05530853444391,0 
							</coordinates>
						</LinearRing>
					</outerBoundaryIs>
				</Polygon>
			</Placemark>
			<Placemark>
				<name>053</name>
				<styleUrl>#msn_ylw-pushpin</styleUrl>
				<Polygon>
					<tessellate>1</tessellate>
					<outerBoundaryIs>
						<LinearRing>
							<coordinates>
								18.77763947333997,-34.05504086995293,0 18.77771041339888,-34.05500274206999,0 18.77760210711194,-34.05487961769876,0 18.77752197022797,-34.05492661150056,0 18.77763947333997,-34.05504086995293,0 
							</coordinates>
						</LinearRing>
					</outerBoundaryIs>
				</Polygon>
			</Placemark>
			<Placemark>
				<name>054</name>
				<styleUrl>#msn_ylw-pushpin</styleUrl>
				<Polygon>
					<tessellate>1</tessellate>
					<outerBoundaryIs>
						<LinearRing>
							<coordinates>
								18.77777551650387,-34.05537411583306,0 18.7778549059263,-34.0553271162681,0 18.77774256338561,-34.05519658043889,0 18.77767070840702,-34.05523818369432,0 18.77777551650387,-34.05537411583306,0 
							</coordinates>
						</LinearRing>
					</outerBoundaryIs>
				</Polygon>
			</Placemark>
			<Placemark>
				<name>055</name>
				<styleUrl>#msn_ylw-pushpin</styleUrl>
				<Polygon>
					<tessellate>1</tessellate>
					<outerBoundaryIs>
						<LinearRing>
							<coordinates>
								18.77754999178087,-34.05509388407192,0 18.77763746965883,-34.05504734085297,0 18.77751576466748,-34.05492361354977,0 18.77743872462378,-34.05497045598693,0 18.77754999178087,-34.05509388407192,0 
							</coordinates>
						</LinearRing>
					</outerBoundaryIs>
				</Polygon>
			</Placemark>
			<Placemark>
				<name>056</name>
				<styleUrl>#msn_ylw-pushpin</styleUrl>
				<Polygon>
					<tessellate>1</tessellate>
					<outerBoundaryIs>
						<LinearRing>
							<coordinates>
								18.77768949091965,-34.05542082740428,0 18.77777551650387,-34.05537411583306,0 18.77766809932675,-34.05523698065294,0 18.77758910805819,-34.05528639380852,0 18.77768949091965,-34.05542082740428,0 
							</coordinates>
						</LinearRing>
					</outerBoundaryIs>
				</Polygon>
			</Placemark>
			<Placemark>
				<name>057</name>
				<styleUrl>#msn_ylw-pushpin</styleUrl>
				<Polygon>
					<tessellate>1</tessellate>
					<outerBoundaryIs>
						<LinearRing>
							<coordinates>
								18.77744634116664,-34.05515545680004,0 18.77752201507983,-34.05510924650942,0 18.77742140036253,-34.05498616314372,0 18.77733981921192,-34.05503059327855,0 18.77744634116664,-34.05515545680004,0 
							</coordinates>
						</LinearRing>
					</outerBoundaryIs>
				</Polygon>
			</Placemark>
			<Placemark>
				<name>058</name>
				<styleUrl>#msn_ylw-pushpin</styleUrl>
				<Polygon>
					<tessellate>1</tessellate>
					<outerBoundaryIs>
						<LinearRing>
							<coordinates>
								18.77758861175706,-34.05547459027265,0 18.77767022806837,-34.05542874676382,0 18.77756747898435,-34.05530337605539,0 18.77748223366799,-34.05534964467932,0 18.77758861175706,-34.05547459027265,0 
							</coordinates>
						</LinearRing>
					</outerBoundaryIs>
				</Polygon>
			</Placemark>
			<Placemark>
				<name>059</name>
				<styleUrl>#msn_ylw-pushpin</styleUrl>
				<Polygon>
					<tessellate>1</tessellate>
					<outerBoundaryIs>
						<LinearRing>
							<coordinates>
								18.77737113999377,-34.05520482985118,0 18.77744931564178,-34.05515881201138,0 18.77733773787881,-34.05503531173346,0 18.77726276617972,-34.05507571520143,0 18.77737113999377,-34.05520482985118,0 
							</coordinates>
						</LinearRing>
					</outerBoundaryIs>
				</Polygon>
			</Placemark>
			<Placemark>
				<name>060</name>
				<styleUrl>#msn_ylw-pushpin</styleUrl>
				<Polygon>
					<tessellate>1</tessellate>
					<outerBoundaryIs>
						<LinearRing>
							<coordinates>
								18.77750460069218,-34.05552059590758,0 18.77758625262128,-34.05547603266167,0 18.77748054100138,-34.05534795201981,0 18.77739786133651,-34.05539413777151,0 18.77750460069218,-34.05552059590758,0 
							</coordinates>
						</LinearRing>
					</outerBoundaryIs>
				</Polygon>
			</Placemark>
			<Placemark>
				<name>061</name>
				<styleUrl>#msn_ylw-pushpin</styleUrl>
				<Polygon>
					<tessellate>1</tessellate>
					<outerBoundaryIs>
						<LinearRing>
							<coordinates>
								18.77725818310275,-34.05526862717491,0 18.77734673173182,-34.05521973598724,0 18.77723891890415,-34.05509367219095,0 18.7771610154232,-34.05513584896751,0 18.77725818310275,-34.05526862717491,0 
							</coordinates>
						</LinearRing>
					</outerBoundaryIs>
				</Polygon>
			</Placemark>
			<Placemark>
				<name>062</name>
				<styleUrl>#msn_ylw-pushpin</styleUrl>
				<Polygon>
					<tessellate>1</tessellate>
					<outerBoundaryIs>
						<LinearRing>
							<coordinates>
								18.77739617116368,-34.0555758278987,0 18.77748648886132,-34.05553569001591,0 18.77738630392951,-34.05540567352202,0 18.77729926800287,-34.05545686959963,0 18.77739617116368,-34.0555758278987,0 
							</coordinates>
						</LinearRing>
					</outerBoundaryIs>
				</Polygon>
			</Placemark>
			<Placemark>
				<name>063</name>
				<styleUrl>#msn_ylw-pushpin</styleUrl>
				<Polygon>
					<tessellate>1</tessellate>
					<outerBoundaryIs>
						<LinearRing>
							<coordinates>
								18.77718159101943,-34.05531712620065,0 18.77726452578639,-34.05527339534493,0 18.77715738172942,-34.05512940400815,0 18.77707647667872,-34.05518031552174,0 18.77718159101943,-34.05531712620065,0 
							</coordinates>
						</LinearRing>
					</outerBoundaryIs>
				</Polygon>
			</Placemark>
			<Placemark>
				<name>064</name>
				<styleUrl>#msn_ylw-pushpin</styleUrl>
				<Polygon>
					<tessellate>1</tessellate>
					<outerBoundaryIs>
						<LinearRing>
							<coordinates>
								18.77731476387657,-34.05562926602804,0 18.77740385808197,-34.05557945098131,0 18.77729297440333,-34.05545501592471,0 18.77721129820238,-34.05549934856662,0 18.77731476387657,-34.05562926602804,0 
							</coordinates>
						</LinearRing>
					</outerBoundaryIs>
				</Polygon>
			</Placemark>
			<Placemark>
				<name>065</name>
				<styleUrl>#msn_ylw-pushpin</styleUrl>
				<Polygon>
					<tessellate>1</tessellate>
					<outerBoundaryIs>
						<LinearRing>
							<coordinates>
								18.77708517729926,-34.05534134959093,0 18.77714624431129,-34.05530581953474,0 18.77706080376307,-34.05518637655569,0 18.77698183621258,-34.05523263579872,0 18.77708517729926,-34.05534134959093,0 
							</coordinates>
						</LinearRing>
					</outerBoundaryIs>
				</Polygon>
			</Placemark>
			<Placemark>
				<name>066</name>
				<styleUrl>#msn_ylw-pushpin</styleUrl>
				<Polygon>
					<tessellate>1</tessellate>
					<outerBoundaryIs>
						<LinearRing>
							<coordinates>
								18.77722446269534,-34.05567579094717,0 18.77728961707445,-34.05564164321517,0 18.77720043399559,-34.0555118438853,0 18.77710171050559,-34.05556543559906,0 18.77722446269534,-34.05567579094717,0 
							</coordinates>
						</LinearRing>
					</outerBoundaryIs>
				</Polygon>
			</Placemark>
			<Placemark>
				<name>067</name>
				<styleUrl>#msn_ylw-pushpin</styleUrl>
				<Polygon>
					<tessellate>1</tessellate>
					<outerBoundaryIs>
						<LinearRing>
							<coordinates>
								18.77699856591444,-34.0554028561627,0 18.77708198691877,-34.05535195936135,0 18.77698211195796,-34.05523767212695,0 18.77690283180236,-34.05527890575495,0 18.77699856591444,-34.0554028561627,0 
							</coordinates>
						</LinearRing>
					</outerBoundaryIs>
				</Polygon>
			</Placemark>
			<Placemark>
				<name>068</name>
				<styleUrl>#msn_ylw-pushpin</styleUrl>
				<Polygon>
					<tessellate>1</tessellate>
					<outerBoundaryIs>
						<LinearRing>
							<coordinates>
								18.7771366283337,-34.05572356871694,0 18.77722815063933,-34.05568029397246,0 18.77710580997489,-34.05556056920194,0 18.77702735721966,-34.05560710563676,0 18.7771366283337,-34.05572356871694,0 
							</coordinates>
						</LinearRing>
					</outerBoundaryIs>
				</Polygon>
			</Placemark>
			<Placemark>
				<name>069</name>
				<styleUrl>#msn_ylw-pushpin</styleUrl>
				<Polygon>
					<tessellate>1</tessellate>
					<outerBoundaryIs>
						<LinearRing>
							<coordinates>
								18.77690954741952,-34.0554709386182,0 18.77698071746304,-34.05542066079515,0 18.77688521652924,-34.05530176236503,0 18.77680920747957,-34.0553444786077,0 18.77690954741952,-34.0554709386182,0 
							</coordinates>
						</LinearRing>
					</outerBoundaryIs>
				</Polygon>
			</Placemark>
			<Placemark>
				<name>070</name>
				<styleUrl>#msn_ylw-pushpin</styleUrl>
				<Polygon>
					<tessellate>1</tessellate>
					<outerBoundaryIs>
						<LinearRing>
							<coordinates>
								18.7770318214044,-34.05578569718256,0 18.77711515611671,-34.05574044179087,0 18.7770154111333,-34.05561623110327,0 18.77693417320923,-34.05565898019034,0 18.7770318214044,-34.05578569718256,0 
							</coordinates>
						</LinearRing>
					</outerBoundaryIs>
				</Polygon>
			</Placemark>
			<Placemark>
				<name>071</name>
				<styleUrl>#msn_ylw-pushpin</styleUrl>
				<Polygon>
					<tessellate>1</tessellate>
					<outerBoundaryIs>
						<LinearRing>
							<coordinates>
								18.77683335920405,-34.05550865970722,0 18.77691557138509,-34.05547767856766,0 18.7768041761618,-34.05533884861307,0 18.77672190259812,-34.05538883406696,0 18.77683335920405,-34.05550865970722,0 
							</coordinates>
						</LinearRing>
					</outerBoundaryIs>
				</Polygon>
			</Placemark>
			<Placemark>
				<name>072</name>
				<styleUrl>#msn_ylw-pushpin</styleUrl>
				<Polygon>
					<tessellate>1</tessellate>
					<outerBoundaryIs>
						<LinearRing>
							<coordinates>
								18.77694667783049,-34.05582667019302,0 18.77703517960808,-34.05578777887493,0 18.77693118025619,-34.05565928253293,0 18.77684926979008,-34.05570503663548,0 18.77694667783049,-34.05582667019302,0 
							</coordinates>
						</LinearRing>
					</outerBoundaryIs>
				</Polygon>
			</Placemark>
			<Placemark>
				<name>073</name>
				<styleUrl>#msn_ylw-pushpin</styleUrl>
				<Polygon>
					<tessellate>1</tessellate>
					<outerBoundaryIs>
						<LinearRing>
							<coordinates>
								18.77673083411741,-34.05556408798327,0 18.77680973535663,-34.05552477281219,0 18.77670306583655,-34.05539853903581,0 18.77662223596908,-34.05544068277293,0 18.77673083411741,-34.05556408798327,0 
							</coordinates>
						</LinearRing>
					</outerBoundaryIs>
				</Polygon>
			</Placemark>
			<Placemark>
				<name>074</name>
				<styleUrl>#msn_ylw-pushpin</styleUrl>
				<Polygon>
					<tessellate>1</tessellate>
					<outerBoundaryIs>
						<LinearRing>
							<coordinates>
								18.77684554706111,-34.05589451505793,0 18.77693902993192,-34.05584253360006,0 18.77682616827034,-34.05571624716065,0 18.77673905826769,-34.05576349921852,0 18.77684554706111,-34.05589451505793,0 
							</coordinates>
						</LinearRing>
					</outerBoundaryIs>
				</Polygon>
			</Placemark>
			<Placemark>
				<name>075</name>
				<styleUrl>#msn_ylw-pushpin</styleUrl>
				<Polygon>
					<tessellate>1</tessellate>
					<outerBoundaryIs>
						<LinearRing>
							<coordinates>
								18.77665008637805,-34.05561483061267,0 18.77672877538189,-34.05556880207876,0 18.77661920705068,-34.05543730392505,0 18.77654445260554,-34.05547922866015,0 18.77665008637805,-34.05561483061267,0 
							</coordinates>
						</LinearRing>
					</outerBoundaryIs>
				</Polygon>
			</Placemark>
			<Placemark>
				<name>076</name>
				<styleUrl>#msn_ylw-pushpin</styleUrl>
				<Polygon>
					<tessellate>1</tessellate>
					<outerBoundaryIs>
						<LinearRing>
							<coordinates>
								18.77627825668394,-34.05574669618844,0 18.77636933490466,-34.05577670425881,0 18.77644252796516,-34.05563409155494,0 18.77635728302963,-34.05560574722548,0 18.77627825668394,-34.05574669618844,0 
							</coordinates>
						</LinearRing>
					</outerBoundaryIs>
				</Polygon>
			</Placemark>
			<Placemark>
				<name>077</name>
				<styleUrl>#msn_ylw-pushpin</styleUrl>
				<Polygon>
					<tessellate>1</tessellate>
					<outerBoundaryIs>
						<LinearRing>
							<coordinates>
								18.77627169581791,-34.05556502923562,0 18.77619903695696,-34.05571370493415,0 18.77627825668394,-34.05574669618844,0 18.77635422305611,-34.0556039771331,0 18.77627169581791,-34.05556502923562,0 
							</coordinates>
						</LinearRing>
					</outerBoundaryIs>
				</Polygon>
			</Placemark>
			<Placemark>
				<name>078</name>
				<styleUrl>#msn_ylw-pushpin</styleUrl>
				<Polygon>
					<tessellate>1</tessellate>
					<outerBoundaryIs>
						<LinearRing>
							<coordinates>
								18.77610195477902,-34.05567025336603,0 18.77617756385031,-34.05570716284343,0 18.77625671713287,-34.05555704681883,0 18.77618221992305,-34.05553028939234,0 18.77610195477902,-34.05567025336603,0 
							</coordinates>
						</LinearRing>
					</outerBoundaryIs>
				</Polygon>
			</Placemark>
			<Placemark>
				<name>079</name>
				<styleUrl>#msn_ylw-pushpin</styleUrl>
				<Polygon>
					<tessellate>1</tessellate>
					<outerBoundaryIs>
						<LinearRing>
							<coordinates>
								18.77608509321434,-34.05549059848033,0 18.77601768356957,-34.05563951998823,0 18.77610183830811,-34.05567265711105,0 18.77617962552574,-34.05552947132162,0 18.77608509321434,-34.05549059848033,0 
							</coordinates>
						</LinearRing>
					</outerBoundaryIs>
				</Polygon>
			</Placemark>
			<Placemark>
				<name>080</name>
				<styleUrl>#msn_ylw-pushpin</styleUrl>
				<Polygon>
					<tessellate>1</tessellate>
					<outerBoundaryIs>
						<LinearRing>
							<coordinates>
								18.77592407496892,-34.05558773171888,0 18.77599877529698,-34.05561977856503,0 18.77606764747954,-34.05547849321844,0 18.77599369588456,-34.05544932315119,0 18.77592407496892,-34.05558773171888,0 
							</coordinates>
						</LinearRing>
					</outerBoundaryIs>
				</Polygon>
			</Placemark>
			<Placemark>
				<name>081</name>
				<styleUrl>#msn_ylw-pushpin</styleUrl>
				<Polygon>
					<tessellate>1</tessellate>
					<outerBoundaryIs>
						<LinearRing>
							<coordinates>
								18.77592341219549,-34.05558917449389,0 18.77599303247766,-34.05545076827921,0 18.775903837532,-34.05541590795482,0 18.77583260151205,-34.0555644267755,0 18.77592341219549,-34.05558917449389,0 
							</coordinates>
						</LinearRing>
					</outerBoundaryIs>
				</Polygon>
			</Placemark>
			<Placemark>
				<name>082</name>
				<styleUrl>#msn_ylw-pushpin</styleUrl>
				<Polygon>
					<tessellate>1</tessellate>
					<outerBoundaryIs>
						<LinearRing>
							<coordinates>
								18.77574433135505,-34.05551506703078,0 18.77581898456914,-34.05554665471296,0 18.77588456638168,-34.05540473974504,0 18.77582082274955,-34.05537318810953,0 18.77574433135505,-34.05551506703078,0 
							</coordinates>
						</LinearRing>
					</outerBoundaryIs>
				</Polygon>
			</Placemark>
			<Placemark>
				<name>083</name>
				<styleUrl>#msn_ylw-pushpin</styleUrl>
				<Polygon>
					<tessellate>1</tessellate>
					<outerBoundaryIs>
						<LinearRing>
							<coordinates>
								18.77574369719257,-34.05551941494962,0 18.7758203636398,-34.05537418103175,0 18.77572961405325,-34.05533864434408,0 18.77565835810373,-34.05549012562104,0 18.77574369719257,-34.05551941494962,0 
							</coordinates>
						</LinearRing>
					</outerBoundaryIs>
				</Polygon>
			</Placemark>
			<Placemark>
				<name>084</name>
				<styleUrl>#msn_ylw-pushpin</styleUrl>
				<Polygon>
					<tessellate>1</tessellate>
					<outerBoundaryIs>
						<LinearRing>
							<coordinates>
								18.77556569058143,-34.05545291960106,0 18.77564211107085,-34.05547474436798,0 18.77571459848524,-34.05533844446811,0 18.77563916899289,-34.0553054939402,0 18.77556569058143,-34.05545291960106,0 
							</coordinates>
						</LinearRing>
					</outerBoundaryIs>
				</Polygon>
			</Placemark>
			<Placemark>
				<name>085</name>
				<styleUrl>#msn_ylw-pushpin</styleUrl>
				<Polygon>
					<tessellate>1</tessellate>
					<outerBoundaryIs>
						<LinearRing>
							<coordinates>
								18.77555589355852,-34.05527444039899,0 18.77548605141132,-34.0554107106828,0 18.77556237336557,-34.05545415151794,0 18.77563906149092,-34.05529977348357,0 18.77555589355852,-34.05527444039899,0 
							</coordinates>
						</LinearRing>
					</outerBoundaryIs>
				</Polygon>
			</Placemark>
			<Placemark>
				<name>086</name>
				<styleUrl>#msn_ylw-pushpin</styleUrl>
				<Polygon>
					<tessellate>1</tessellate>
					<outerBoundaryIs>
						<LinearRing>
							<coordinates>
								18.77554572153558,-34.05526664589365,0 18.77545642723906,-34.05523592787249,0 18.77539098774248,-34.05537728992034,0 18.77546845302619,-34.05540401688053,0 18.77554572153558,-34.05526664589365,0 
							</coordinates>
						</LinearRing>
					</outerBoundaryIs>
				</Polygon>
			</Placemark>
			<Placemark>
				<name>087</name>
				<styleUrl>#msn_ylw-pushpin</styleUrl>
				<Polygon>
					<tessellate>1</tessellate>
					<outerBoundaryIs>
						<LinearRing>
							<coordinates>
								18.7751726558947,-34.05514474572615,0 18.77510644175637,-34.05521628454618,0 18.77523269179911,-34.05531077729204,0 18.77529847111984,-34.0552324462352,0 18.7751726558947,-34.05514474572615,0 
							</coordinates>
						</LinearRing>
					</outerBoundaryIs>
				</Polygon>
			</Placemark>
			<Placemark>
				<name>088</name>
				<styleUrl>#msn_ylw-pushpin</styleUrl>
				<Polygon>
					<tessellate>1</tessellate>
					<outerBoundaryIs>
						<LinearRing>
							<coordinates>
								18.77517000767861,-34.05514376875689,0 18.77529912085432,-34.05523477573922,0 18.77535609239315,-34.05517639608616,0 18.77520952417119,-34.05508768370466,0 18.77517000767861,-34.05514376875689,0 
							</coordinates>
						</LinearRing>
					</outerBoundaryIs>
				</Polygon>
			</Placemark>
			<Placemark>
				<name>089</name>
				<styleUrl>#msn_ylw-pushpin</styleUrl>
				<Polygon>
					<tessellate>1</tessellate>
					<outerBoundaryIs>
						<LinearRing>
							<coordinates>
								18.77525975550582,-34.05502574286263,0 18.77520605515164,-34.05508587606105,0 18.77536053373686,-34.05517751539077,0 18.77541001662499,-34.05511183398842,0 18.77525975550582,-34.05502574286263,0 
							</coordinates>
						</LinearRing>
					</outerBoundaryIs>
				</Polygon>
			</Placemark>
			<Placemark>
				<name>090</name>
				<styleUrl>#msn_ylw-pushpin</styleUrl>
				<Polygon>
					<tessellate>1</tessellate>
					<outerBoundaryIs>
						<LinearRing>
							<coordinates>
								18.77533902113248,-34.05495261586881,0 18.77528726017726,-34.0550070135921,0 18.77541787327506,-34.05510801579485,0 18.77548364257724,-34.05504635343678,0 18.77533902113248,-34.05495261586881,0 
							</coordinates>
						</LinearRing>
					</outerBoundaryIs>
				</Polygon>
			</Placemark>
			<Placemark>
				<name>091</name>
				<styleUrl>#msn_ylw-pushpin</styleUrl>
				<Polygon>
					<tessellate>1</tessellate>
					<outerBoundaryIs>
						<LinearRing>
							<coordinates>
								18.77539849850937,-34.05488096931683,0 18.77533284972844,-34.05494630988851,0 18.77548512552279,-34.05505098510787,0 18.77555083900778,-34.05497532832965,0 18.77539849850937,-34.05488096931683,0 
							</coordinates>
						</LinearRing>
					</outerBoundaryIs>
				</Polygon>
			</Placemark>
			<Placemark>
				<name>092</name>
				<styleUrl>#msn_ylw-pushpin</styleUrl>
				<Polygon>
					<tessellate>1</tessellate>
					<outerBoundaryIs>
						<LinearRing>
							<coordinates>
								18.77609115707701,-34.05433111247877,0 18.77615544286287,-34.05426455662231,0 18.77601527776845,-34.05417470063026,0 18.77595672740244,-34.0542426593189,0 18.77609115707701,-34.05433111247877,0 
							</coordinates>
						</LinearRing>
					</outerBoundaryIs>
				</Polygon>
			</Placemark>
			<Placemark>
				<name>093</name>
				<styleUrl>#msn_ylw-pushpin</styleUrl>
				<Polygon>
					<tessellate>1</tessellate>
					<outerBoundaryIs>
						<LinearRing>
							<coordinates>
								18.77629491306335,-34.05433790251871,0 18.77622689194052,-34.0544125989701,0 18.77636564407101,-34.05449387357213,0 18.77642760384446,-34.05442292074454,0 18.77629491306335,-34.05433790251871,0 
							</coordinates>
						</LinearRing>
					</outerBoundaryIs>
				</Polygon>
			</Placemark>
			<Placemark>
				<name>094</name>
				<styleUrl>#msn_ylw-pushpin</styleUrl>
				<Polygon>
					<tessellate>1</tessellate>
					<outerBoundaryIs>
						<LinearRing>
							<coordinates>
								18.77615281930088,-34.05425655095662,0 18.77621385462242,-34.05419579914412,0 18.77607606138929,-34.05411214430457,0 18.7760169364091,-34.05417298243602,0 18.77615281930088,-34.05425655095662,0 
							</coordinates>
						</LinearRing>
					</outerBoundaryIs>
				</Polygon>
			</Placemark>
			<Placemark>
				<name>095</name>
				<styleUrl>#msn_ylw-pushpin</styleUrl>
				<Polygon>
					<tessellate>1</tessellate>
					<outerBoundaryIs>
						<LinearRing>
							<coordinates>
								18.77635188665468,-34.0542764202701,0 18.77629287287463,-34.0543399455816,0 18.77642859226418,-34.0544219189602,0 18.77648217612505,-34.05436354855124,0 18.77635188665468,-34.0542764202701,0 
							</coordinates>
						</LinearRing>
					</outerBoundaryIs>
				</Polygon>
			</Placemark>
			<Placemark>
				<name>096</name>
				<styleUrl>#msn_ylw-pushpin</styleUrl>
				<Polygon>
					<tessellate>1</tessellate>
					<outerBoundaryIs>
						<LinearRing>
							<coordinates>
								18.77621884797932,-34.05418778966943,0 18.77627970499771,-34.05412480253364,0 18.77614181777597,-34.05404637221616,0 18.77608560391956,-34.05410153382682,0 18.77621884797932,-34.05418778966943,0 
							</coordinates>
						</LinearRing>
					</outerBoundaryIs>
				</Polygon>
			</Placemark>
			<Placemark>
				<name>097</name>
				<styleUrl>#msn_ylw-pushpin</styleUrl>
				<Polygon>
					<tessellate>1</tessellate>
					<outerBoundaryIs>
						<LinearRing>
							<coordinates>
								18.77641573631656,-34.05420361619799,0 18.77636460068379,-34.05426149408331,0 18.77650181693725,-34.05434968686919,0 18.77655575469667,-34.05429071441618,0 18.77641573631656,-34.05420361619799,0 
							</coordinates>
						</LinearRing>
					</outerBoundaryIs>
				</Polygon>
			</Placemark>
			<Placemark>
				<name>098</name>
				<styleUrl>#msn_ylw-pushpin</styleUrl>
				<Polygon>
					<tessellate>1</tessellate>
					<outerBoundaryIs>
						<LinearRing>
							<coordinates>
								18.77628174991716,-34.05411521481556,0 18.7763294347794,-34.05406448199994,0 18.77620036476606,-34.05398371217998,0 18.77614748536129,-34.0540425173472,0 18.77628174991716,-34.05411521481556,0 
							</coordinates>
						</LinearRing>
					</outerBoundaryIs>
				</Polygon>
			</Placemark>
			<Placemark>
				<name>099</name>
				<styleUrl>#msn_ylw-pushpin</styleUrl>
				<Polygon>
					<tessellate>1</tessellate>
					<outerBoundaryIs>
						<LinearRing>
							<coordinates>
								18.7764747141426,-34.05413245105221,0 18.77641604712527,-34.05419910555921,0 18.7765599703953,-34.05428844711118,0 18.77661508629286,-34.05422424344275,0 18.7764747141426,-34.05413245105221,0 
							</coordinates>
						</LinearRing>
					</outerBoundaryIs>
				</Polygon>
			</Placemark>
			<Placemark>
				<name>100</name>
				<styleUrl>#msn_ylw-pushpin</styleUrl>
				<Polygon>
					<tessellate>1</tessellate>
					<outerBoundaryIs>
						<LinearRing>
							<coordinates>
								18.77633947508239,-34.05404354988026,0 18.77639428016262,-34.05398488590769,0 18.77626651497837,-34.0539077048147,0 18.77621584029592,-34.05396405660287,0 18.77633947508239,-34.05404354988026,0 
							</coordinates>
						</LinearRing>
					</outerBoundaryIs>
				</Polygon>
			</Placemark>
			<Placemark>
				<name>101</name>
				<styleUrl>#msn_ylw-pushpin</styleUrl>
				<Polygon>
					<tessellate>1</tessellate>
					<outerBoundaryIs>
						<LinearRing>
							<coordinates>
								18.77653991327461,-34.05405876086976,0 18.77648174455122,-34.05412089019673,0 18.7766199771325,-34.05421319232543,0 18.77667760694518,-34.05414183159891,0 18.77653991327461,-34.05405876086976,0 
							</coordinates>
						</LinearRing>
					</outerBoundaryIs>
				</Polygon>
			</Placemark>
			<Placemark>
				<name>102</name>
				<styleUrl>#msn_ylw-pushpin</styleUrl>
				<Polygon>
					<tessellate>1</tessellate>
					<outerBoundaryIs>
						<LinearRing>
							<coordinates>
								18.77639145388044,-34.05398316759233,0 18.77644798820929,-34.0539201412842,0 18.7763255907106,-34.05384932700907,0 18.77626862495944,-34.05390535856898,0 18.77639145388044,-34.05398316759233,0 
							</coordinates>
						</LinearRing>
					</outerBoundaryIs>
				</Polygon>
			</Placemark>
			<Placemark>
				<name>103</name>
				<styleUrl>#msn_ylw-pushpin</styleUrl>
				<Polygon>
					<tessellate>1</tessellate>
					<outerBoundaryIs>
						<LinearRing>
							<coordinates>
								18.77659910018497,-34.05399562677148,0 18.77653856743126,-34.05405799491838,0 18.7766795521879,-34.05414599131088,0 18.7767434728563,-34.05408012010641,0 18.77659910018497,-34.05399562677148,0 
							</coordinates>
						</LinearRing>
					</outerBoundaryIs>
				</Polygon>
			</Placemark>
			<Placemark>
				<name>104</name>
				<styleUrl>#msn_ylw-pushpin</styleUrl>
				<Polygon>
					<tessellate>1</tessellate>
					<outerBoundaryIs>
						<LinearRing>
							<coordinates>
								18.77656259863676,-34.05382165145078,0 18.77661846913745,-34.05375926289339,0 18.77645419726204,-34.05366267140442,0 18.77640517597388,-34.05372325586941,0 18.77656259863676,-34.05382165145078,0 
							</coordinates>
						</LinearRing>
					</outerBoundaryIs>
				</Polygon>
			</Placemark>
			<Placemark>
				<name>105</name>
				<styleUrl>#msn_ylw-pushpin</styleUrl>
				<Polygon>
					<tessellate>1</tessellate>
					<outerBoundaryIs>
						<LinearRing>
							<coordinates>
								18.77666977354525,-34.05392505131687,0 18.77661270184848,-34.05397517687678,0 18.77674729876243,-34.05406384657985,0 18.7768045741365,-34.05400483832603,0 18.77666977354525,-34.05392505131687,0 
							</coordinates>
						</LinearRing>
					</outerBoundaryIs>
				</Polygon>
			</Placemark>
			<Placemark>
				<name>106</name>
				<styleUrl>#msn_ylw-pushpin</styleUrl>
				<Polygon>
					<tessellate>1</tessellate>
					<outerBoundaryIs>
						<LinearRing>
							<coordinates>
								18.77661546497833,-34.05375301746079,0 18.77666993078087,-34.05369560674356,0 18.77650823826869,-34.05360266457745,0 18.7764592604949,-34.05365987467513,0 18.77661546497833,-34.05375301746079,0 
							</coordinates>
						</LinearRing>
					</outerBoundaryIs>
				</Polygon>
			</Placemark>
			<Placemark>
				<name>107</name>
				<styleUrl>#msn_ylw-pushpin</styleUrl>
				<Polygon>
					<tessellate>1</tessellate>
					<outerBoundaryIs>
						<LinearRing>
							<coordinates>
								18.77672316614429,-34.05385514119968,0 18.77666943377709,-34.05392325239875,0 18.77680236044906,-34.05400506158229,0 18.77686225941092,-34.05394138626753,0 18.77672316614429,-34.05385514119968,0 
							</coordinates>
						</LinearRing>
					</outerBoundaryIs>
				</Polygon>
			</Placemark>
			<Placemark>
				<name>108</name>
				<styleUrl>#msn_ylw-pushpin</styleUrl>
				<Polygon>
					<tessellate>1</tessellate>
					<outerBoundaryIs>
						<LinearRing>
							<coordinates>
								18.77668739855554,-34.05367948297705,0 18.77674215582912,-34.05362003766098,0 18.77658223363317,-34.05352690504687,0 18.77652697626772,-34.05358836808172,0 18.77668739855554,-34.05367948297705,0 
							</coordinates>
						</LinearRing>
					</outerBoundaryIs>
				</Polygon>
			</Placemark>
			<Placemark>
				<name>109</name>
				<styleUrl>#msn_ylw-pushpin</styleUrl>
				<Polygon>
					<tessellate>1</tessellate>
					<outerBoundaryIs>
						<LinearRing>
							<coordinates>
								18.77679298957525,-34.05377919981878,0 18.77672935447068,-34.05383801177423,0 18.77687659187001,-34.05392665258278,0 18.77693428076368,-34.05386324305034,0 18.77679298957525,-34.05377919981878,0 
							</coordinates>
						</LinearRing>
					</outerBoundaryIs>
				</Polygon>
			</Placemark>
			<Placemark>
				<name>110</name>
				<styleUrl>#msn_ylw-pushpin</styleUrl>
				<Polygon>
					<tessellate>1</tessellate>
					<outerBoundaryIs>
						<LinearRing>
							<coordinates>
								18.77674164349002,-34.05361408751349,0 18.77678601785868,-34.05355566740781,0 18.77663892197261,-34.05346531270644,0 18.77658472894946,-34.05352719008401,0 18.77674164349002,-34.05361408751349,0 
							</coordinates>
						</LinearRing>
					</outerBoundaryIs>
				</Polygon>
			</Placemark>
			<Placemark>
				<name>111</name>
				<styleUrl>#msn_ylw-pushpin</styleUrl>
				<Polygon>
					<tessellate>1</tessellate>
					<outerBoundaryIs>
						<LinearRing>
							<coordinates>
								18.77684685788136,-34.05371751793223,0 18.77679040677635,-34.05377754718209,0 18.77693797279857,-34.05386560963546,0 18.77698816085257,-34.05380378931056,0 18.77684685788136,-34.05371751793223,0 
							</coordinates>
						</LinearRing>
					</outerBoundaryIs>
				</Polygon>
			</Placemark>
			<Placemark>
				<name>112</name>
				<styleUrl>#msn_ylw-pushpin</styleUrl>
				<Polygon>
					<tessellate>1</tessellate>
					<outerBoundaryIs>
						<LinearRing>
							<coordinates>
								18.7767954006111,-34.05353615605234,0 18.77685128950503,-34.05347209932621,0 18.77670546117332,-34.05338687728379,0 18.77665074033698,-34.05344944976808,0 18.7767954006111,-34.05353615605234,0 
							</coordinates>
						</LinearRing>
					</outerBoundaryIs>
				</Polygon>
			</Placemark>
			<Placemark>
				<name>113</name>
				<styleUrl>#msn_ylw-pushpin</styleUrl>
				<Polygon>
					<tessellate>1</tessellate>
					<outerBoundaryIs>
						<LinearRing>
							<coordinates>
								18.77691420373374,-34.05363999815727,0 18.77685416657753,-34.0536992648705,0 18.776993524994,-34.05378800664779,0 18.77704691257861,-34.05372492350563,0 18.77691420373374,-34.05363999815727,0 
							</coordinates>
						</LinearRing>
					</outerBoundaryIs>
				</Polygon>
			</Placemark>
			<Placemark>
				<name>114</name>
				<styleUrl>#msn_ylw-pushpin</styleUrl>
				<Polygon>
					<tessellate>1</tessellate>
					<outerBoundaryIs>
						<LinearRing>
							<coordinates>
								18.77684950210027,-34.05346770314591,0 18.77690495571919,-34.05340913379578,0 18.77675697947121,-34.05332815098156,0 18.7767101512818,-34.05338616010677,0 18.77684950210027,-34.05346770314591,0 
							</coordinates>
						</LinearRing>
					</outerBoundaryIs>
				</Polygon>
			</Placemark>
			<Placemark>
				<name>115</name>
				<styleUrl>#msn_ylw-pushpin</styleUrl>
				<Polygon>
					<tessellate>1</tessellate>
					<outerBoundaryIs>
						<LinearRing>
							<coordinates>
								18.77698004111409,-34.05356942219746,0 18.77691049422632,-34.053643477272,0 18.77705201364614,-34.05372264739363,0 18.77711807903438,-34.05366263784579,0 18.77698004111409,-34.05356942219746,0 
							</coordinates>
						</LinearRing>
					</outerBoundaryIs>
				</Polygon>
			</Placemark>
			<Placemark>
				<name>116</name>
				<styleUrl>#msn_ylw-pushpin</styleUrl>
				<Polygon>
					<tessellate>1</tessellate>
					<outerBoundaryIs>
						<LinearRing>
							<coordinates>
								18.77692020838371,-34.0533907727733,0 18.77697652581689,-34.05333607491097,0 18.77682219774987,-34.05325125981015,0 18.77677567090545,-34.05331057380383,0 18.77692020838371,-34.0533907727733,0 
							</coordinates>
						</LinearRing>
					</outerBoundaryIs>
				</Polygon>
			</Placemark>
			<Placemark>
				<name>117</name>
				<styleUrl>#msn_ylw-pushpin</styleUrl>
				<Polygon>
					<tessellate>1</tessellate>
					<outerBoundaryIs>
						<LinearRing>
							<coordinates>
								18.77704151448132,-34.05350079160955,0 18.7769844448532,-34.05355943346415,0 18.77712306981481,-34.05364679674308,0 18.77718124398313,-34.05358149715401,0 18.77704151448132,-34.05350079160955,0 
							</coordinates>
						</LinearRing>
					</outerBoundaryIs>
				</Polygon>
			</Placemark>
			<Placemark>
				<name>118</name>
				<styleUrl>#msn_ylw-pushpin</styleUrl>
				<Polygon>
					<tessellate>1</tessellate>
					<outerBoundaryIs>
						<LinearRing>
							<coordinates>
								18.77697220187705,-34.05333473198332,0 18.77702777702653,-34.05327277232126,0 18.77687498325016,-34.05319096660364,0 18.77682347100982,-34.05324972657205,0 18.77697220187705,-34.05333473198332,0 
							</coordinates>
						</LinearRing>
					</outerBoundaryIs>
				</Polygon>
			</Placemark>
			<Placemark>
				<name>119</name>
				<styleUrl>#msn_ylw-pushpin</styleUrl>
				<Polygon>
					<tessellate>1</tessellate>
					<outerBoundaryIs>
						<LinearRing>
							<coordinates>
								18.77709732148312,-34.05343454042738,0 18.77703578632535,-34.05350121252909,0 18.77718374477744,-34.05357891800555,0 18.77723689637497,-34.05351874839753,0 18.77709732148312,-34.05343454042738,0 
							</coordinates>
						</LinearRing>
					</outerBoundaryIs>
				</Polygon>
			</Placemark>
			<Placemark>
				<name>120</name>
				<styleUrl>#msn_ylw-pushpin</styleUrl>
				<Polygon>
					<tessellate>1</tessellate>
					<outerBoundaryIs>
						<LinearRing>
							<coordinates>
								18.77703902665044,-34.05325433033987,0 18.77709345033404,-34.05319378901782,0 18.77694684953792,-34.0531109531783,0 18.77689211741341,-34.05317361376749,0 18.77703902665044,-34.05325433033987,0 
							</coordinates>
						</LinearRing>
					</outerBoundaryIs>
				</Polygon>
			</Placemark>
			<Placemark>
				<name>121</name>
				<styleUrl>#msn_ylw-pushpin</styleUrl>
				<Polygon>
					<tessellate>1</tessellate>
					<outerBoundaryIs>
						<LinearRing>
							<coordinates>
								18.77716255465199,-34.05335523617133,0 18.77710407501522,-34.05341324044298,0 18.77724456688076,-34.05350497614805,0 18.77730296785114,-34.05344171990219,0 18.77716255465199,-34.05335523617133,0 
							</coordinates>
						</LinearRing>
					</outerBoundaryIs>
				</Polygon>
			</Placemark>
			<Placemark>
				<name>122</name>
				<styleUrl>#msn_ylw-pushpin</styleUrl>
				<Polygon>
					<tessellate>1</tessellate>
					<outerBoundaryIs>
						<LinearRing>
							<coordinates>
								18.77709536476252,-34.05319148652825,0 18.77714631008498,-34.05313677350435,0 18.7769992934586,-34.05305597972077,0 18.77695061107962,-34.05310970976226,0 18.77709536476252,-34.05319148652825,0 
							</coordinates>
						</LinearRing>
					</outerBoundaryIs>
				</Polygon>
			</Placemark>
			<Placemark>
				<name>123</name>
				<styleUrl>#msn_ylw-pushpin</styleUrl>
				<Polygon>
					<tessellate>1</tessellate>
					<outerBoundaryIs>
						<LinearRing>
							<coordinates>
								18.7772213912825,-34.0532885470294,0 18.77715717569177,-34.05335805556707,0 18.77730854926301,-34.05344131873535,0 18.77736391902527,-34.05337576615235,0 18.7772213912825,-34.0532885470294,0 
							</coordinates>
						</LinearRing>
					</outerBoundaryIs>
				</Polygon>
			</Placemark>
			<Placemark>
				<name>124</name>
				<styleUrl>#msn_ylw-pushpin</styleUrl>
				<Polygon>
					<tessellate>1</tessellate>
					<outerBoundaryIs>
						<LinearRing>
							<coordinates>
								18.77716391184633,-34.05312455400312,0 18.77722841961493,-34.05305726608508,0 18.77707185129818,-34.05296758546542,0 18.77701531938725,-34.05303290092694,0 18.77716391184633,-34.05312455400312,0 
							</coordinates>
						</LinearRing>
					</outerBoundaryIs>
				</Polygon>
			</Placemark>
			<Placemark>
				<name>125</name>
				<styleUrl>#msn_ylw-pushpin</styleUrl>
				<Polygon>
					<tessellate>1</tessellate>
					<outerBoundaryIs>
						<LinearRing>
							<coordinates>
								18.77728851169443,-34.05321879065806,0 18.77723247637258,-34.05327425272333,0 18.77737238992127,-34.0533642760004,0 18.77742203872148,-34.05329653118169,0 18.77728851169443,-34.05321879065806,0 
							</coordinates>
						</LinearRing>
					</outerBoundaryIs>
				</Polygon>
			</Placemark>
			<Placemark>
				<name>126</name>
				<styleUrl>#msn_ylw-pushpin</styleUrl>
				<Polygon>
					<tessellate>1</tessellate>
					<outerBoundaryIs>
						<LinearRing>
							<coordinates>
								18.77722961724563,-34.05305465663686,0 18.7772781986335,-34.05299643052871,0 18.77712259373419,-34.05291169140738,0 18.77707360606813,-34.05296941243338,0 18.77722961724563,-34.05305465663686,0 
							</coordinates>
						</LinearRing>
					</outerBoundaryIs>
				</Polygon>
			</Placemark>
			<Placemark>
				<name>127</name>
				<styleUrl>#msn_ylw-pushpin</styleUrl>
				<Polygon>
					<tessellate>1</tessellate>
					<outerBoundaryIs>
						<LinearRing>
							<coordinates>
								18.77749122819111,-34.05322742213338,0 18.77734691863803,-34.05314698124721,0 18.77729164380769,-34.05322108201336,0 18.77742356578084,-34.0532976513801,0 18.77749122819111,-34.05322742213338,0 
							</coordinates>
						</LinearRing>
					</outerBoundaryIs>
				</Polygon>
			</Placemark>
			<Placemark>
				<name>128</name>
				<styleUrl>#msn_ylw-pushpin</styleUrl>
				<Polygon>
					<tessellate>1</tessellate>
					<outerBoundaryIs>
						<LinearRing>
							<coordinates>
								18.77728936966386,-34.05298211264173,0 18.77734025032537,-34.05291997551806,0 18.77719004539273,-34.0528387093898,0 18.77713952091915,-34.05289823522347,0 18.77728936966386,-34.05298211264173,0 
							</coordinates>
						</LinearRing>
					</outerBoundaryIs>
				</Polygon>
			</Placemark>
			<Placemark>
				<name>129</name>
				<styleUrl>#msn_ylw-pushpin</styleUrl>
				<Polygon>
					<tessellate>1</tessellate>
					<outerBoundaryIs>
						<LinearRing>
							<coordinates>
								18.77733562970242,-34.05292056467036,0 18.77738517253204,-34.05286845344947,0 18.77724449875449,-34.05277627442015,0 18.77719175563242,-34.05283799201167,0 18.77733562970242,-34.05292056467036,0 
							</coordinates>
						</LinearRing>
					</outerBoundaryIs>
				</Polygon>
			</Placemark>
			<Placemark>
				<name>130</name>
				<styleUrl>#msn_ylw-pushpin</styleUrl>
				<Polygon>
					<tessellate>1</tessellate>
					<outerBoundaryIs>
						<LinearRing>
							<coordinates>
								18.77740613633499,-34.05284988462719,0 18.77746038633563,-34.05278274046035,0 18.77731774090022,-34.0527038183136,0 18.77726069973387,-34.05276254138617,0 18.77740613633499,-34.05284988462719,0 
							</coordinates>
						</LinearRing>
					</outerBoundaryIs>
				</Polygon>
			</Placemark>
			<Placemark>
				<name>131</name>
				<styleUrl>#msn_ylw-pushpin</styleUrl>
				<Polygon>
					<tessellate>1</tessellate>
					<outerBoundaryIs>
						<LinearRing>
							<coordinates>
								18.77745917823614,-34.0527793405732,0 18.77750850880613,-34.05272295928599,0 18.77736856691112,-34.05264206862285,0 18.77731703711609,-34.05270336028745,0 18.77745917823614,-34.0527793405732,0 
							</coordinates>
						</LinearRing>
					</outerBoundaryIs>
				</Polygon>
			</Placemark>
			<Placemark>
				<name>132</name>
				<styleUrl>#msn_ylw-pushpin</styleUrl>
				<Polygon>
					<tessellate>1</tessellate>
					<outerBoundaryIs>
						<LinearRing>
							<coordinates>
								18.77752501657984,-34.05312194555995,0 18.77764345846574,-34.05297903924129,0 18.7775674568948,-34.05294044437377,0 18.77744830485801,-34.0530814608065,0 18.77752501657984,-34.05312194555995,0 
							</coordinates>
						</LinearRing>
					</outerBoundaryIs>
				</Polygon>
			</Placemark>
			<Placemark>
				<name>133</name>
				<styleUrl>#msn_ylw-pushpin</styleUrl>
				<Polygon>
					<tessellate>1</tessellate>
					<outerBoundaryIs>
						<LinearRing>
							<coordinates>
								18.77752650892991,-34.05312177095082,0 18.7775967119827,-34.05315840360714,0 18.77771576116159,-34.0530239021679,0 18.77764242207107,-34.0529816381685,0 18.77752650892991,-34.05312177095082,0 
							</coordinates>
						</LinearRing>
					</outerBoundaryIs>
				</Polygon>
			</Placemark>
			<Placemark>
				<name>134</name>
				<styleUrl>#msn_ylw-pushpin</styleUrl>
				<Polygon>
					<tessellate>1</tessellate>
					<outerBoundaryIs>
						<LinearRing>
							<coordinates>
								18.77769708617997,-34.05320885630277,0 18.77780734270206,-34.0530758106744,0 18.77773250559561,-34.05303612035692,0 18.77761577817738,-34.05317086250062,0 18.77769708617997,-34.05320885630277,0 
							</coordinates>
						</LinearRing>
					</outerBoundaryIs>
				</Polygon>
			</Placemark>
			<Placemark>
				<name>135</name>
				<styleUrl>#msn_ylw-pushpin</styleUrl>
				<Polygon>
					<tessellate>1</tessellate>
					<outerBoundaryIs>
						<LinearRing>
							<coordinates>
								18.77769920148508,-34.05320798746305,0 18.777768582525,-34.05325108293378,0 18.77787570360706,-34.05312014678059,0 18.77780838555787,-34.05307323735551,0 18.77769920148508,-34.05320798746305,0 
							</coordinates>
						</LinearRing>
					</outerBoundaryIs>
				</Polygon>
			</Placemark>
			<Placemark>
				<name>136</name>
				<styleUrl>#msn_ylw-pushpin</styleUrl>
				<Polygon>
					<tessellate>1</tessellate>
					<outerBoundaryIs>
						<LinearRing>
							<coordinates>
								18.77786551301275,-34.05330413405855,0 18.77798419838136,-34.05317486792675,0 18.77790115949616,-34.05313228003811,0 18.77778069121608,-34.05326350355882,0 18.77786551301275,-34.05330413405855,0 
							</coordinates>
						</LinearRing>
					</outerBoundaryIs>
				</Polygon>
			</Placemark>
			<Placemark>
				<name>137</name>
				<styleUrl>#msn_ylw-pushpin</styleUrl>
				<Polygon>
					<tessellate>1</tessellate>
					<outerBoundaryIs>
						<LinearRing>
							<coordinates>
								18.77786592368175,-34.0533022780273,0 18.77793337731763,-34.05334527669674,0 18.77804871690495,-34.05321267786449,0 18.77798669665477,-34.05317637272048,0 18.77786592368175,-34.0533022780273,0 
							</coordinates>
						</LinearRing>
					</outerBoundaryIs>
				</Polygon>
			</Placemark>
			<Placemark>
				<name>138</name>
				<styleUrl>#msn_ylw-pushpin</styleUrl>
				<Polygon>
					<tessellate>1</tessellate>
					<outerBoundaryIs>
						<LinearRing>
							<coordinates>
								18.77803409075236,-34.05339958065794,0 18.77815045317765,-34.05326872980181,0 18.77808318224161,-34.05322818508353,0 18.77795684912486,-34.05336018733991,0 18.77803409075236,-34.05339958065794,0 
							</coordinates>
						</LinearRing>
					</outerBoundaryIs>
				</Polygon>
			</Placemark>
			<Placemark>
				<name>139</name>
				<styleUrl>#msn_ylw-pushpin</styleUrl>
				<Polygon>
					<tessellate>1</tessellate>
					<outerBoundaryIs>
						<LinearRing>
							<coordinates>
								18.778034709491,-34.05339890692425,0 18.77811718297306,-34.05344662596146,0 18.77823609654227,-34.05331305315634,0 18.77815188923293,-34.0532685483039,0 18.778034709491,-34.05339890692425,0 
							</coordinates>
						</LinearRing>
					</outerBoundaryIs>
				</Polygon>
			</Placemark>
			<Placemark>
				<name>140</name>
				<styleUrl>#msn_ylw-pushpin</styleUrl>
				<Polygon>
					<tessellate>1</tessellate>
					<outerBoundaryIs>
						<LinearRing>
							<coordinates>
								18.77788880474,-34.05273122738299,0 18.77801884321602,-34.05257460020992,0 18.77792589244157,-34.05253026153302,0 18.77779848347565,-34.05268330057324,0 18.77788880474,-34.05273122738299,0 
							</coordinates>
						</LinearRing>
					</outerBoundaryIs>
				</Polygon>
			</Placemark>
			<Placemark>
				<name>141</name>
				<styleUrl>#msn_ylw-pushpin</styleUrl>
				<Polygon>
					<tessellate>1</tessellate>
					<outerBoundaryIs>
						<LinearRing>
							<coordinates>
								18.77768026591711,-34.05295188576491,0 18.77779492617012,-34.05282393167433,0 18.77771871013613,-34.0527779589618,0 18.77759879542441,-34.05291196264562,0 18.77768026591711,-34.05295188576491,0 
							</coordinates>
						</LinearRing>
					</outerBoundaryIs>
				</Polygon>
			</Placemark>
			<Placemark>
				<name>142</name>
				<styleUrl>#msn_ylw-pushpin</styleUrl>
				<Polygon>
					<tessellate>1</tessellate>
					<outerBoundaryIs>
						<LinearRing>
							<coordinates>
								18.77789777304617,-34.05273409743577,0 18.77797298665148,-34.05276333641938,0 18.77810396737824,-34.05262192386829,0 18.77802482753473,-34.05258104331873,0 18.77789777304617,-34.05273409743577,0 
							</coordinates>
						</LinearRing>
					</outerBoundaryIs>
				</Polygon>
			</Placemark>
			<Placemark>
				<name>143</name>
				<styleUrl>#msn_ylw-pushpin</styleUrl>
				<Polygon>
					<tessellate>1</tessellate>
					<outerBoundaryIs>
						<LinearRing>
							<coordinates>
								18.77768238850981,-34.05295102352309,0 18.77775494943588,-34.05299281562635,0 18.77786712731604,-34.05286623571825,0 18.77779492617012,-34.05282393167433,0 18.77768238850981,-34.05295102352309,0 
							</coordinates>
						</LinearRing>
					</outerBoundaryIs>
				</Polygon>
			</Placemark>
			<Placemark>
				<name>144</name>
				<styleUrl>#msn_ylw-pushpin</styleUrl>
				<Polygon>
					<tessellate>1</tessellate>
					<outerBoundaryIs>
						<LinearRing>
							<coordinates>
								18.77797416055203,-34.05276190430811,0 18.77805793566288,-34.05280648588776,0 18.77817886617814,-34.05266466049345,0 18.77810193893575,-34.05262287129471,0 18.77797416055203,-34.05276190430811,0 
							</coordinates>
						</LinearRing>
					</outerBoundaryIs>
				</Polygon>
			</Placemark>
			<Placemark>
				<name>145</name>
				<styleUrl>#msn_ylw-pushpin</styleUrl>
				<Polygon>
					<tessellate>1</tessellate>
					<outerBoundaryIs>
						<LinearRing>
							<coordinates>
								18.77784334262968,-34.05304521165739,0 18.77796087543787,-34.05291860368978,0 18.77788095047386,-34.05287583107617,0 18.77776670815731,-34.05299885465236,0 18.77784334262968,-34.05304521165739,0 
							</coordinates>
						</LinearRing>
					</outerBoundaryIs>
				</Polygon>
			</Placemark>
			<Placemark>
				<name>146</name>
				<styleUrl>#msn_ylw-pushpin</styleUrl>
				<Polygon>
					<tessellate>1</tessellate>
					<outerBoundaryIs>
						<LinearRing>
							<coordinates>
								18.77815043707667,-34.05286465475845,0 18.77828860622686,-34.05270720773212,0 18.77819855126441,-34.05267566131708,0 18.7780725526092,-34.05282077184835,0 18.77815043707667,-34.05286465475845,0 
							</coordinates>
						</LinearRing>
					</outerBoundaryIs>
				</Polygon>
			</Placemark>
			<Placemark>
				<name>147</name>
				<styleUrl>#msn_ylw-pushpin</styleUrl>
				<Polygon>
					<tessellate>1</tessellate>
					<outerBoundaryIs>
						<LinearRing>
							<coordinates>
								18.77784227760553,-34.05304349871867,0 18.77791405482278,-34.05308692108316,0 18.77802632099944,-34.05295464958466,0 18.77796066409788,-34.05291739739653,0 18.77784227760553,-34.05304349871867,0 
							</coordinates>
						</LinearRing>
					</outerBoundaryIs>
				</Polygon>
			</Placemark>
			<Placemark>
				<name>148</name>
				<styleUrl>#msn_ylw-pushpin</styleUrl>
				<Polygon>
					<tessellate>1</tessellate>
					<outerBoundaryIs>
						<LinearRing>
							<coordinates>
								18.77814843273056,-34.05286252386183,0 18.77821719036077,-34.05290959799085,0 18.77835864326652,-34.05274952837101,0 18.77828717083069,-34.05270744437137,0 18.77814843273056,-34.05286252386183,0 
							</coordinates>
						</LinearRing>
					</outerBoundaryIs>
				</Polygon>
			</Placemark>
			<Placemark>
				<name>149</name>
				<styleUrl>#msn_ylw-pushpin</styleUrl>
				<Polygon>
					<tessellate>1</tessellate>
					<outerBoundaryIs>
						<LinearRing>
							<coordinates>
								18.77801856503405,-34.05313321020329,0 18.77812319163831,-34.05300797541324,0 18.77805052904534,-34.05296957421898,0 18.77793965665933,-34.05309603178166,0 18.77801856503405,-34.05313321020329,0 
							</coordinates>
						</LinearRing>
					</outerBoundaryIs>
				</Polygon>
			</Placemark>
			<Placemark>
				<name>150</name>
				<styleUrl>#msn_ylw-pushpin</styleUrl>
				<Polygon>
					<tessellate>1</tessellate>
					<outerBoundaryIs>
						<LinearRing>
							<coordinates>
								18.77833659950884,-34.05294144004334,0 18.77845894797928,-34.05279713968368,0 18.77837121156498,-34.05275551203714,0 18.77825979727693,-34.0528940125692,0 18.77833659950884,-34.05294144004334,0 
							</coordinates>
						</LinearRing>
					</outerBoundaryIs>
				</Polygon>
			</Placemark>
			<Placemark>
				<name>151</name>
				<styleUrl>#msn_ylw-pushpin</styleUrl>
				<Polygon>
					<tessellate>1</tessellate>
					<outerBoundaryIs>
						<LinearRing>
							<coordinates>
								18.77802064605388,-34.05313235286475,0 18.77809636383271,-34.05318035265828,0 18.7782009840217,-34.05305384300189,0 18.77812173959602,-34.05300814626334,0 18.77802064605388,-34.05313235286475,0 
							</coordinates>
						</LinearRing>
					</outerBoundaryIs>
				</Polygon>
			</Placemark>
			<Placemark>
				<name>152</name>
				<styleUrl>#msn_ylw-pushpin</styleUrl>
				<Polygon>
					<tessellate>1</tessellate>
					<outerBoundaryIs>
						<LinearRing>
							<coordinates>
								18.77833861003613,-34.05294049659976,0 18.77840952065197,-34.05298257866893,0 18.77852901803372,-34.05283998184496,0 18.77845382822496,-34.05279429178195,0 18.77833861003613,-34.05294049659976,0 
							</coordinates>
						</LinearRing>
					</outerBoundaryIs>
				</Polygon>
			</Placemark>
			<Placemark>
				<name>153</name>
				<styleUrl>#msn_ylw-pushpin</styleUrl>
				<Polygon>
					<tessellate>1</tessellate>
					<outerBoundaryIs>
						<LinearRing>
							<coordinates>
								18.77819456797415,-34.05322622238176,0 18.77831036547648,-34.05309598667539,0 18.77822664895658,-34.05305800936023,0 18.7781157337969,-34.05318576836955,0 18.77819456797415,-34.05322622238176,0 
							</coordinates>
						</LinearRing>
					</outerBoundaryIs>
				</Polygon>
			</Placemark>
			<Placemark>
				<name>154</name>
				<styleUrl>#msn_ylw-pushpin</styleUrl>
				<Polygon>
					<tessellate>1</tessellate>
					<outerBoundaryIs>
						<LinearRing>
							<coordinates>
								18.77819499085206,-34.0532243799963,0 18.77826556052373,-34.053271386712,0 18.77837817780467,-34.05314740334208,0 18.77831217502453,-34.05309816293119,0 18.77819499085206,-34.0532243799963,0 
							</coordinates>
						</LinearRing>
					</outerBoundaryIs>
				</Polygon>
			</Placemark>
			<Placemark>
				<name>155</name>
				<styleUrl>#msn_ylw-pushpin</styleUrl>
				<Polygon>
					<tessellate>1</tessellate>
					<outerBoundaryIs>
						<LinearRing>
							<coordinates>
								18.77885187406551,-34.05297732254879,0 18.77886569558773,-34.05289984848895,0 18.77870039844354,-34.05287565344735,0 18.77868376543325,-34.05295553524855,0 18.77885187406551,-34.05297732254879,0 
							</coordinates>
						</LinearRing>
					</outerBoundaryIs>
				</Polygon>
			</Placemark>
			<Placemark>
				<name>156</name>
				<styleUrl>#msn_ylw-pushpin</styleUrl>
				<Polygon>
					<tessellate>1</tessellate>
					<outerBoundaryIs>
						<LinearRing>
							<coordinates>
								18.77883268852705,-34.0530617718738,0 18.77885372656384,-34.05297927993379,0 18.77868001649383,-34.05295800441645,0 18.77865923809281,-34.05303587216921,0 18.77883268852705,-34.0530617718738,0 
							</coordinates>
						</LinearRing>
					</outerBoundaryIs>
				</Polygon>
			</Placemark>
			<Placemark>
				<name>157</name>
				<styleUrl>#msn_ylw-pushpin</styleUrl>
				<Polygon>
					<tessellate>1</tessellate>
					<outerBoundaryIs>
						<LinearRing>
							<coordinates>
								18.77879585228257,-34.05314829615978,0 18.7788215835377,-34.05307821695255,0 18.77864935087107,-34.05304903830634,0 18.77862857452407,-34.0531263555792,0 18.77879585228257,-34.05314829615978,0 
							</coordinates>
						</LinearRing>
					</outerBoundaryIs>
				</Polygon>
			</Placemark>
			<Placemark>
				<name>158</name>
				<styleUrl>#msn_ylw-pushpin</styleUrl>
				<Polygon>
					<tessellate>1</tessellate>
					<outerBoundaryIs>
						<LinearRing>
							<coordinates>
								18.77878108227592,-34.05322456599692,0 18.77879987719302,-34.05315035267215,0 18.77862717420918,-34.05312812305526,0 18.77859993496596,-34.05320337726011,0 18.77878108227592,-34.05322456599692,0 
							</coordinates>
						</LinearRing>
					</outerBoundaryIs>
				</Polygon>
			</Placemark>
			<Placemark>
				<name>159</name>
				<styleUrl>#msn_ylw-pushpin</styleUrl>
				<Polygon>
					<tessellate>1</tessellate>
					<outerBoundaryIs>
						<LinearRing>
							<coordinates>
								18.77874173081964,-34.05330691283137,0 18.77876821889298,-34.05324098832428,0 18.77859012058803,-34.05320921375687,0 18.77857553433866,-34.05328347058114,0 18.77874173081964,-34.05330691283137,0 
							</coordinates>
						</LinearRing>
					</outerBoundaryIs>
				</Polygon>
			</Placemark>
			<Placemark>
				<name>160</name>
				<styleUrl>#msn_ylw-pushpin</styleUrl>
				<Polygon>
					<tessellate>1</tessellate>
					<outerBoundaryIs>
						<LinearRing>
							<coordinates>
								18.77872389784518,-34.05340225122974,0 18.77874576932307,-34.05331270375943,0 18.77856602281873,-34.05328940964246,0 18.77854294006938,-34.05336303806387,0 18.77872389784518,-34.05340225122974,0 
							</coordinates>
						</LinearRing>
					</outerBoundaryIs>
				</Polygon>
			</Placemark>
			<Placemark>
				<name>161</name>
				<styleUrl>#msn_ylw-pushpin</styleUrl>
				<Polygon>
					<tessellate>1</tessellate>
					<outerBoundaryIs>
						<LinearRing>
							<coordinates>
								18.77868676625966,-34.0534949042815,0 18.77870625109025,-34.05342094196942,0 18.77853378963569,-34.05338979101788,0 18.77851391746178,-34.05346530549331,0 18.77868676625966,-34.0534949042815,0 
							</coordinates>
						</LinearRing>
					</outerBoundaryIs>
				</Polygon>
			</Placemark>
			<Placemark>
				<name>162</name>
				<styleUrl>#msn_ylw-pushpin</styleUrl>
				<Polygon>
					<tessellate>1</tessellate>
					<outerBoundaryIs>
						<LinearRing>
							<coordinates>
								18.77866589428687,-34.05356878046403,0 18.77868900669661,-34.05349102867566,0 18.77851140005868,-34.05347061968934,0 18.77848672293155,-34.05354450834367,0 18.77866589428687,-34.05356878046403,0 
							</coordinates>
						</LinearRing>
					</outerBoundaryIs>
				</Polygon>
			</Placemark>
			<Placemark>
				<name>163</name>
				<styleUrl>#msn_ylw-pushpin</styleUrl>
				<Polygon>
					<tessellate>1</tessellate>
					<outerBoundaryIs>
						<LinearRing>
							<coordinates>
								18.77863877115815,-34.05367334694775,0 18.77865761141856,-34.05359111040534,0 18.77848928400387,-34.05356254024639,0 18.77846895785756,-34.05364228760489,0 18.77863877115815,-34.05367334694775,0 
							</coordinates>
						</LinearRing>
					</outerBoundaryIs>
				</Polygon>
			</Placemark>
			<Placemark>
				<name>164</name>
				<styleUrl>#msn_ylw-pushpin</styleUrl>
				<Polygon>
					<tessellate>1</tessellate>
					<outerBoundaryIs>
						<LinearRing>
							<coordinates>
								18.77861794788318,-34.05375817628393,0 18.77864041568142,-34.05367343533308,0 18.77846321213027,-34.05364608142924,0 18.77843913890609,-34.05371614775031,0 18.77861794788318,-34.05375817628393,0 
							</coordinates>
						</LinearRing>
					</outerBoundaryIs>
				</Polygon>
			</Placemark>
			<Placemark>
				<name>165</name>
				<styleUrl>#msn_ylw-pushpin</styleUrl>
				<Polygon>
					<tessellate>1</tessellate>
					<outerBoundaryIs>
						<LinearRing>
							<coordinates>
								18.77859005265297,-34.05384556159539,0 18.77860996687858,-34.05376721887353,0 18.77841696654327,-34.05373707237393,0 18.77839414067403,-34.05381023027183,0 18.77859005265297,-34.05384556159539,0 
							</coordinates>
						</LinearRing>
					</outerBoundaryIs>
				</Polygon>
			</Placemark>
			<Placemark>
				<name>166</name>
				<styleUrl>#msn_ylw-pushpin</styleUrl>
				<Polygon>
					<tessellate>1</tessellate>
					<outerBoundaryIs>
						<LinearRing>
							<coordinates>
								18.77855569203744,-34.05393161359458,0 18.77859151174996,-34.05384694903764,0 18.77839200656667,-34.05381289632777,0 18.77836654934512,-34.05389041859959,0 18.77855569203744,-34.05393161359458,0 
							</coordinates>
						</LinearRing>
					</outerBoundaryIs>
				</Polygon>
			</Placemark>
			<Placemark>
				<name>167</name>
				<styleUrl>#msn_ylw-pushpin</styleUrl>
				<Polygon>
					<tessellate>1</tessellate>
					<outerBoundaryIs>
						<LinearRing>
							<coordinates>
								18.77851473119023,-34.05401653042433,0 18.77854206001084,-34.05394469114194,0 18.77835641812819,-34.05391085399676,0 18.77834337310289,-34.0539874622819,0 18.77851473119023,-34.05401653042433,0 
							</coordinates>
						</LinearRing>
					</outerBoundaryIs>
				</Polygon>
			</Placemark>
			<Placemark>
				<name>168</name>
				<styleUrl>#msn_ylw-pushpin</styleUrl>
				<Polygon>
					<tessellate>1</tessellate>
					<outerBoundaryIs>
						<LinearRing>
							<coordinates>
								18.77850015430025,-34.05410462193092,0 18.77852065349236,-34.05402196019958,0 18.77833781764018,-34.05398883099606,0 18.77830393553748,-34.05407262173363,0 18.77850015430025,-34.05410462193092,0 
							</coordinates>
						</LinearRing>
					</outerBoundaryIs>
				</Polygon>
			</Placemark>
			<Placemark>
				<name>169</name>
				<styleUrl>#msn_ylw-pushpin</styleUrl>
				<Polygon>
					<tessellate>1</tessellate>
					<outerBoundaryIs>
						<LinearRing>
							<coordinates>
								18.77845379078391,-34.05421203746166,0 18.77849780330381,-34.05412063821309,0 18.77828829072947,-34.05408104763022,0 18.77826120816989,-34.05416664976558,0 18.77845379078391,-34.05421203746166,0 
							</coordinates>
						</LinearRing>
					</outerBoundaryIs>
				</Polygon>
			</Placemark>
			<Placemark>
				<name>170</name>
				<styleUrl>#msn_ylw-pushpin</styleUrl>
				<Polygon>
					<tessellate>1</tessellate>
					<outerBoundaryIs>
						<LinearRing>
							<coordinates>
								18.7782416891929,-34.05441419421368,0 18.77834649026714,-34.05436853059998,0 18.77822693388228,-34.05424562881575,0 18.7781381222474,-34.05428955778482,0 18.7782416891929,-34.05441419421368,0 
							</coordinates>
						</LinearRing>
					</outerBoundaryIs>
				</Polygon>
			</Placemark>
			<Placemark>
				<name>171</name>
				<styleUrl>#msn_ylw-pushpin</styleUrl>
				<Polygon>
					<tessellate>1</tessellate>
					<outerBoundaryIs>
						<LinearRing>
							<coordinates>
								18.77814967376124,-34.05446806454347,0 18.77822906357481,-34.0544231095747,0 18.77811547888189,-34.05430483797537,0 18.77804196468634,-34.05434706550194,0 18.77814967376124,-34.05446806454347,0 
							</coordinates>
						</LinearRing>
					</outerBoundaryIs>
				</Polygon>
			</Placemark>
			<Placemark>
				<name>172</name>
				<styleUrl>#msn_ylw-pushpin</styleUrl>
				<Polygon>
					<tessellate>1</tessellate>
					<outerBoundaryIs>
						<LinearRing>
							<coordinates>
								18.77805906561064,-34.05452020071692,0 18.77815046510741,-34.05447051020849,0 18.77803817720667,-34.05434818392646,0 18.77795053366311,-34.05439819930755,0 18.77805906561064,-34.05452020071692,0 
							</coordinates>
						</LinearRing>
					</outerBoundaryIs>
				</Polygon>
			</Placemark>
			<Placemark>
				<name>173</name>
				<styleUrl>#msn_ylw-pushpin</styleUrl>
				<Polygon>
					<tessellate>1</tessellate>
					<outerBoundaryIs>
						<LinearRing>
							<coordinates>
								18.77796963554768,-34.05457841705569,0 18.7780441460475,-34.05453911709913,0 18.77792799437977,-34.05441349491483,0 18.77785239741432,-34.05445588985393,0 18.77796963554768,-34.05457841705569,0 
							</coordinates>
						</LinearRing>
					</outerBoundaryIs>
				</Polygon>
			</Placemark>
			<Placemark>
				<name>174</name>
				<styleUrl>#msn_ylw-pushpin</styleUrl>
				<Polygon>
					<tessellate>1</tessellate>
					<outerBoundaryIs>
						<LinearRing>
							<coordinates>
								18.77787776463489,-34.05463312548429,0 18.77796990192167,-34.05458020117032,0 18.77785347264591,-34.05445722671963,0 18.7777716222764,-34.05450405103088,0 18.77787776463489,-34.05463312548429,0 
							</coordinates>
						</LinearRing>
					</outerBoundaryIs>
				</Polygon>
			</Placemark>
			<Placemark>
				<name>175</name>
				<styleUrl>#msn_ylw-pushpin</styleUrl>
				<Polygon>
					<tessellate>1</tessellate>
					<outerBoundaryIs>
						<LinearRing>
							<coordinates>
								18.77777712474169,-34.0546820162191,0 18.7778547627164,-34.05463810451524,0 18.77774771745368,-34.05451523160818,0 18.77767112488939,-34.05456499058018,0 18.77777712474169,-34.0546820162191,0 
							</coordinates>
						</LinearRing>
					</outerBoundaryIs>
				</Polygon>
			</Placemark>
			<Placemark>
				<name>176</name>
				<styleUrl>#msn_ylw-pushpin</styleUrl>
				<Polygon>
					<tessellate>1</tessellate>
					<outerBoundaryIs>
						<LinearRing>
							<coordinates>
								18.77769811199319,-34.05473349203216,0 18.77777655886732,-34.05468718090338,0 18.77766950023974,-34.0545629762805,0 18.7775835872176,-34.05460622369438,0 18.77769811199319,-34.05473349203216,0 
							</coordinates>
						</LinearRing>
					</outerBoundaryIs>
				</Polygon>
			</Placemark>
			<Placemark>
				<name>177</name>
				<styleUrl>#msn_ylw-pushpin</styleUrl>
				<Polygon>
					<tessellate>1</tessellate>
					<outerBoundaryIs>
						<LinearRing>
							<coordinates>
								18.77760094710233,-34.05479021308619,0 18.77767973031874,-34.05475339444523,0 18.77756844516519,-34.0546213234644,0 18.77749574269808,-34.05466703932959,0 18.77760094710233,-34.05479021308619,0 
							</coordinates>
						</LinearRing>
					</outerBoundaryIs>
				</Polygon>
			</Placemark>
			<Placemark>
				<name>178</name>
				<styleUrl>#msn_ylw-pushpin</styleUrl>
				<Polygon>
					<tessellate>1</tessellate>
					<outerBoundaryIs>
						<LinearRing>
							<coordinates>
								18.77751511868228,-34.05484262501856,0 18.77760119077207,-34.05479495327352,0 18.77749299923417,-34.05466659844254,0 18.77740715784941,-34.0547146432013,0 18.77751511868228,-34.05484262501856,0 
							</coordinates>
						</LinearRing>
					</outerBoundaryIs>
				</Polygon>
			</Placemark>
			<Placemark>
				<name>179</name>
				<styleUrl>#msn_ylw-pushpin</styleUrl>
				<Polygon>
					<tessellate>1</tessellate>
					<outerBoundaryIs>
						<LinearRing>
							<coordinates>
								18.77741402333091,-34.05489496717333,0 18.7774895283329,-34.05484846491422,0 18.77738625311972,-34.05472751520487,0 18.77731091621964,-34.05477151718213,0 18.77741402333091,-34.05489496717333,0 
							</coordinates>
						</LinearRing>
					</outerBoundaryIs>
				</Polygon>
			</Placemark>
			<Placemark>
				<name>180</name>
				<styleUrl>#msn_ylw-pushpin</styleUrl>
				<Polygon>
					<tessellate>1</tessellate>
					<outerBoundaryIs>
						<LinearRing>
							<coordinates>
								18.77733887128576,-34.05494228638324,0 18.77741704481048,-34.05489721914521,0 18.77730621855776,-34.05477310071849,0 18.77722903160291,-34.05482006100673,0 18.77733887128576,-34.05494228638324,0 
							</coordinates>
						</LinearRing>
					</outerBoundaryIs>
				</Polygon>
			</Placemark>
			<Placemark>
				<name>181</name>
				<styleUrl>#msn_ylw-pushpin</styleUrl>
				<Polygon>
					<tessellate>1</tessellate>
					<outerBoundaryIs>
						<LinearRing>
							<coordinates>
								18.77724102141836,-34.05500804579393,0 18.77731265616337,-34.05495870593882,0 18.77720864750474,-34.05483803450893,0 18.77713497643965,-34.05488119324083,0 18.77724102141836,-34.05500804579393,0 
							</coordinates>
						</LinearRing>
					</outerBoundaryIs>
				</Polygon>
			</Placemark>
			<Placemark>
				<name>182</name>
				<styleUrl>#msn_ylw-pushpin</styleUrl>
				<Polygon>
					<tessellate>1</tessellate>
					<outerBoundaryIs>
						<LinearRing>
							<coordinates>
								18.77716080554635,-34.05505328739259,0 18.77723991293713,-34.05500964089918,0 18.77713497643965,-34.05488119324083,0 18.77704988923517,-34.05492381558177,0 18.77716080554635,-34.05505328739259,0 
							</coordinates>
						</LinearRing>
					</outerBoundaryIs>
				</Polygon>
			</Placemark>
			<Placemark>
				<name>183</name>
				<styleUrl>#msn_ylw-pushpin</styleUrl>
				<Polygon>
					<tessellate>1</tessellate>
					<outerBoundaryIs>
						<LinearRing>
							<coordinates>
								18.77706259318605,-34.05510607213539,0 18.77714400869354,-34.05505872629909,0 18.77703274849217,-34.05494071530273,0 18.77695437160903,-34.05498636629133,0 18.77706259318605,-34.05510607213539,0 
							</coordinates>
						</LinearRing>
					</outerBoundaryIs>
				</Polygon>
			</Placemark>
			<Placemark>
				<name>184</name>
				<styleUrl>#msn_ylw-pushpin</styleUrl>
				<Polygon>
					<tessellate>1</tessellate>
					<outerBoundaryIs>
						<LinearRing>
							<coordinates>
								18.77698540686925,-34.05515136708173,0 18.77706300268176,-34.05511083396947,0 18.77695391730395,-34.05498783072795,0 18.77687448344122,-34.05503029494673,0 18.77698540686925,-34.05515136708173,0 
							</coordinates>
						</LinearRing>
					</outerBoundaryIs>
				</Polygon>
			</Placemark>
			<Placemark>
				<name>185</name>
				<styleUrl>#msn_ylw-pushpin</styleUrl>
				<Polygon>
					<tessellate>1</tessellate>
					<outerBoundaryIs>
						<LinearRing>
							<coordinates>
								18.77689089963985,-34.05520642390822,0 18.77697357974073,-34.05516213707548,0 18.77686012888106,-34.05504601002428,0 18.77678343455151,-34.05508843977794,0 18.77689089963985,-34.05520642390822,0 
							</coordinates>
						</LinearRing>
					</outerBoundaryIs>
				</Polygon>
			</Placemark>
			<Placemark>
				<name>186</name>
				<styleUrl>#msn_ylw-pushpin</styleUrl>
				<Polygon>
					<tessellate>1</tessellate>
					<outerBoundaryIs>
						<LinearRing>
							<coordinates>
								18.77680961407393,-34.05525501481224,0 18.77688842011834,-34.05521137183828,0 18.77678053243069,-34.05508860969608,0 18.77670100816692,-34.05512743618038,0 18.77680961407393,-34.05525501481224,0 
							</coordinates>
						</LinearRing>
					</outerBoundaryIs>
				</Polygon>
			</Placemark>
			<Placemark>
				<name>187</name>
				<styleUrl>#msn_ylw-pushpin</styleUrl>
				<Polygon>
					<tessellate>1</tessellate>
					<outerBoundaryIs>
						<LinearRing>
							<coordinates>
								18.77670946948073,-34.05530290516418,0 18.77678484250045,-34.05526467894003,0 18.77669488438741,-34.05514415903505,0 18.77660489456644,-34.05519188215337,0 18.77670946948073,-34.05530290516418,0 
							</coordinates>
						</LinearRing>
					</outerBoundaryIs>
				</Polygon>
			</Placemark>
			<Placemark>
				<name>188</name>
				<styleUrl>#msn_ylw-pushpin</styleUrl>
				<Polygon>
					<tessellate>1</tessellate>
					<outerBoundaryIs>
						<LinearRing>
							<coordinates>
								18.77663058570134,-34.0553553302509,0 18.77670786475218,-34.05531117056422,0 18.77660085889335,-34.05519260525775,0 18.7765258127119,-34.0552317962846,0 18.77663058570134,-34.0553553302509,0 
							</coordinates>
						</LinearRing>
					</outerBoundaryIs>
				</Polygon>
			</Placemark>
			<Placemark>
				<name>189</name>
				<styleUrl>#msn_ylw-pushpin</styleUrl>
				<Polygon>
					<tessellate>1</tessellate>
					<outerBoundaryIs>
						<LinearRing>
							<coordinates>
								18.77653220621348,-34.05540610717979,0 18.77661400001142,-34.05536596471429,0 18.77650824704831,-34.05525164620622,0 18.77643520446241,-34.05529365257254,0 18.77653220621348,-34.05540610717979,0 
							</coordinates>
						</LinearRing>
					</outerBoundaryIs>
				</Polygon>
			</Placemark>
			<Placemark>
				<name>190</name>
				<styleUrl>#msn_ylw-pushpin</styleUrl>
				<Polygon>
					<tessellate>1</tessellate>
					<outerBoundaryIs>
						<LinearRing>
							<coordinates>
								18.77645372608463,-34.05545710914424,0 18.77653197102727,-34.05540996706831,0 18.776434985557,-34.05529125611915,0 18.77634969892096,-34.05533550096458,0 18.77645372608463,-34.05545710914424,0 
							</coordinates>
						</LinearRing>
					</outerBoundaryIs>
				</Polygon>
			</Placemark>
		</Folder>
		<Folder>
			<name>Kiosks</name>
			<Placemark>
				<name>1EVE1</name>
				<LookAt>
					<longitude>18.77866460045513</longitude>
					<latitude>-34.05326000870329</latitude>
					<altitude>0</altitude>
					<heading>-83.68129874279886</heading>
					<tilt>0.6521024675910688</tilt>
					<range>259.4768463321034</range>
					<gx:altitudeMode>relativeToSeaFloor</gx:altitudeMode>
				</LookAt>
				<styleUrl>#msn_placemark_square</styleUrl>
				<Point>
					<gx:drawOrder>1</gx:drawOrder>
					<coordinates>18.77852710839255,-34.05324566869741,0</coordinates>
				</Point>
			</Placemark>
			<Placemark>
				<name>2EVE1</name>
				<LookAt>
					<longitude>18.77866460045513</longitude>
					<latitude>-34.05326000870329</latitude>
					<altitude>0</altitude>
					<heading>-83.68129874279886</heading>
					<tilt>0.6521024675910688</tilt>
					<range>259.4768463321034</range>
					<gx:altitudeMode>relativeToSeaFloor</gx:altitudeMode>
				</LookAt>
				<styleUrl>#msn_placemark_square</styleUrl>
				<Point>
					<gx:drawOrder>1</gx:drawOrder>
					<coordinates>18.77834477835868,-34.05380509393508,0</coordinates>
				</Point>
			</Placemark>
			<Placemark>
				<name>3EVE1</name>
				<LookAt>
					<longitude>18.77905834359708</longitude>
					<latitude>-34.05361440224164</latitude>
					<altitude>0</altitude>
					<heading>-83.68151925192223</heading>
					<tilt>0.6521025366712422</tilt>
					<range>260.1547483939677</range>
					<gx:altitudeMode>relativeToSeaFloor</gx:altitudeMode>
				</LookAt>
				<styleUrl>#msn_placemark_square</styleUrl>
				<Point>
					<gx:drawOrder>1</gx:drawOrder>
					<coordinates>18.77922338058345,-34.05314137125695,0</coordinates>
				</Point>
			</Placemark>
			<Placemark>
				<name>4EVE1</name>
				<LookAt>
					<longitude>18.77905834359708</longitude>
					<latitude>-34.05361440224164</latitude>
					<altitude>0</altitude>
					<heading>-83.68151925192223</heading>
					<tilt>0.6521025366712422</tilt>
					<range>260.1547483939677</range>
					<gx:altitudeMode>relativeToSeaFloor</gx:altitudeMode>
				</LookAt>
				<styleUrl>#msn_placemark_square</styleUrl>
				<Point>
					<gx:drawOrder>1</gx:drawOrder>
					<coordinates>18.77909237082599,-34.05346905257519,0</coordinates>
				</Point>
			</Placemark>
			<Placemark>
				<name>5EVE1</name>
				<LookAt>
					<longitude>18.77905834359708</longitude>
					<latitude>-34.05361440224164</latitude>
					<altitude>0</altitude>
					<heading>-83.68151925192223</heading>
					<tilt>0.6521025366712422</tilt>
					<range>260.1547483939677</range>
					<gx:altitudeMode>relativeToSeaFloor</gx:altitudeMode>
				</LookAt>
				<styleUrl>#msn_placemark_square</styleUrl>
				<Point>
					<gx:drawOrder>1</gx:drawOrder>
					<coordinates>18.77897864279386,-34.05383668505445,0</coordinates>
				</Point>
			</Placemark>
			<Placemark>
				<name>6EVE1</name>
				<LookAt>
					<longitude>18.77905834359708</longitude>
					<latitude>-34.05361440224164</latitude>
					<altitude>0</altitude>
					<heading>-83.68151925192223</heading>
					<tilt>0.6521025366712422</tilt>
					<range>260.1547483939677</range>
					<gx:altitudeMode>relativeToSeaFloor</gx:altitudeMode>
				</LookAt>
				<styleUrl>#msn_placemark_square</styleUrl>
				<Point>
					<gx:drawOrder>1</gx:drawOrder>
					<coordinates>18.77885059460487,-34.05418838283439,0</coordinates>
				</Point>
			</Placemark>
			<Placemark>
				<name>1EVE2</name>
				<LookAt>
					<longitude>18.77729244380155</longitude>
					<latitude>-34.05395761193279</latitude>
					<altitude>0</altitude>
					<heading>-57.2293803910531</heading>
					<tilt>15.91495078994154</tilt>
					<range>441.2058200224835</range>
					<gx:altitudeMode>relativeToSeaFloor</gx:altitudeMode>
				</LookAt>
				<styleUrl>#m_ylw-pushpin</styleUrl>
				<Point>
					<gx:drawOrder>1</gx:drawOrder>
					<coordinates>18.77693510907939,-34.05494508200961,0</coordinates>
				</Point>
			</Placemark>
			<Placemark>
				<name>2EVE2</name>
				<LookAt>
					<longitude>18.77729244380155</longitude>
					<latitude>-34.05395761193279</latitude>
					<altitude>0</altitude>
					<heading>-57.2293803910531</heading>
					<tilt>15.91495078994154</tilt>
					<range>441.2058200224835</range>
					<gx:altitudeMode>relativeToSeaFloor</gx:altitudeMode>
				</LookAt>
				<styleUrl>#m_ylw-pushpin</styleUrl>
				<Point>
					<gx:drawOrder>1</gx:drawOrder>
					<coordinates>18.77643009723513,-34.05524553889747,0</coordinates>
				</Point>
			</Placemark>
			<Placemark>
				<name>3EVE2</name>
				<LookAt>
					<longitude>18.77802357397353</longitude>
					<latitude>-34.05408498902949</latitude>
					<altitude>0</altitude>
					<heading>-57.22978980753707</heading>
					<tilt>15.91494743940781</tilt>
					<range>439.8453540773614</range>
					<gx:altitudeMode>relativeToSeaFloor</gx:altitudeMode>
				</LookAt>
				<styleUrl>#msn_placemark_square</styleUrl>
				<Point>
					<gx:drawOrder>1</gx:drawOrder>
					<coordinates>18.77693838550201,-34.05555810720531,0</coordinates>
				</Point>
			</Placemark>
			<Placemark>
				<name>4EVE2</name>
				<LookAt>
					<longitude>18.77794248791806</longitude>
					<latitude>-34.05445841165871</latitude>
					<altitude>0</altitude>
					<heading>-42.64160703887867</heading>
					<tilt>11.36995190027363</tilt>
					<range>261.7684992239893</range>
					<gx:altitudeMode>relativeToSeaFloor</gx:altitudeMode>
				</LookAt>
				<styleUrl>#msn_placemark_square</styleUrl>
				<Point>
					<gx:drawOrder>1</gx:drawOrder>
					<coordinates>18.77723265416658,-34.05538795606846,0</coordinates>
				</Point>
			</Placemark>
			<Placemark>
				<name>5EVE2</name>
				<LookAt>
					<longitude>18.77794248791806</longitude>
					<latitude>-34.05445841165871</latitude>
					<altitude>0</altitude>
					<heading>-42.64160703887867</heading>
					<tilt>11.36995190027363</tilt>
					<range>261.7684992239893</range>
					<gx:altitudeMode>relativeToSeaFloor</gx:altitudeMode>
				</LookAt>
				<styleUrl>#msn_placemark_square</styleUrl>
				<Point>
					<gx:drawOrder>1</gx:drawOrder>
					<coordinates>18.77759399460265,-34.05518861465518,0</coordinates>
				</Point>
			</Placemark>
			<Placemark>
				<name>6EVE2</name>
				<LookAt>
					<longitude>18.77779536890057</longitude>
					<latitude>-34.05448609257419</latitude>
					<altitude>0</altitude>
					<heading>-42.64152465286919</heading>
					<tilt>11.36995261827402</tilt>
					<range>262.1737556539291</range>
					<gx:altitudeMode>relativeToSeaFloor</gx:altitudeMode>
				</LookAt>
				<styleUrl>#msn_placemark_square</styleUrl>
				<Point>
					<gx:drawOrder>1</gx:drawOrder>
					<coordinates>18.77747199588723,-34.05463104856089,0</coordinates>
				</Point>
			</Placemark>
			<Placemark>
				<name>7EVE2</name>
				<LookAt>
					<longitude>18.77779536890057</longitude>
					<latitude>-34.05448609257419</latitude>
					<altitude>0</altitude>
					<heading>-42.64152465286919</heading>
					<tilt>11.36995261827402</tilt>
					<range>262.1737556539291</range>
					<gx:altitudeMode>relativeToSeaFloor</gx:altitudeMode>
				</LookAt>
				<styleUrl>#msn_placemark_square</styleUrl>
				<Point>
					<gx:drawOrder>1</gx:drawOrder>
					<coordinates>18.77801183046275,-34.05433487673637,0</coordinates>
				</Point>
			</Placemark>
			<Placemark>
				<name>8EVE2</name>
				<LookAt>
					<longitude>18.77794248791806</longitude>
					<latitude>-34.05445841165871</latitude>
					<altitude>0</altitude>
					<heading>-42.64160703887867</heading>
					<tilt>11.36995190027363</tilt>
					<range>261.7684992239893</range>
					<gx:altitudeMode>relativeToSeaFloor</gx:altitudeMode>
				</LookAt>
				<styleUrl>#msn_placemark_square</styleUrl>
				<Point>
					<gx:drawOrder>1</gx:drawOrder>
					<coordinates>18.77854121364344,-34.05463012887414,0</coordinates>
				</Point>
			</Placemark>
			<Placemark>
				<name>9EVE2</name>
				<LookAt>
					<longitude>18.77794248791806</longitude>
					<latitude>-34.05445841165871</latitude>
					<altitude>0</altitude>
					<heading>-42.64160703887867</heading>
					<tilt>11.36995190027363</tilt>
					<range>261.7684992239893</range>
					<gx:altitudeMode>relativeToSeaFloor</gx:altitudeMode>
				</LookAt>
				<styleUrl>#msn_placemark_square</styleUrl>
				<Point>
					<gx:drawOrder>1</gx:drawOrder>
					<coordinates>18.77832118702509,-34.05476473591363,0</coordinates>
				</Point>
			</Placemark>
			<Placemark>
				<name>10EVE2</name>
				<LookAt>
					<longitude>18.77794248791806</longitude>
					<latitude>-34.05445841165871</latitude>
					<altitude>0</altitude>
					<heading>-42.64160703887867</heading>
					<tilt>11.36995190027363</tilt>
					<range>261.7684992239893</range>
					<gx:altitudeMode>relativeToSeaFloor</gx:altitudeMode>
				</LookAt>
				<styleUrl>#msn_placemark_square</styleUrl>
				<Point>
					<gx:drawOrder>1</gx:drawOrder>
					<coordinates>18.77798857438336,-34.05496469773247,0</coordinates>
				</Point>
			</Placemark>
			<Placemark>
				<name>1EVE3</name>
				<LookAt>
					<longitude>18.7777646839196</longitude>
					<latitude>-34.0533627285621</latitude>
					<altitude>0</altitude>
					<heading>-51.61860923636182</heading>
					<tilt>2.933693978491532</tilt>
					<range>215.5183386095664</range>
					<gx:altitudeMode>relativeToSeaFloor</gx:altitudeMode>
				</LookAt>
				<styleUrl>#m_ylw-pushpin</styleUrl>
				<Point>
					<gx:drawOrder>1</gx:drawOrder>
					<coordinates>18.7772490919739,-34.05317883611255,0</coordinates>
				</Point>
			</Placemark>
			<Placemark>
				<name>2EVE3</name>
				<LookAt>
					<longitude>18.77712451664441</longitude>
					<latitude>-34.05353379831407</latitude>
					<altitude>0</altitude>
					<heading>-51.61825077813355</heading>
					<tilt>2.933693959522146</tilt>
					<range>215.477284489864</range>
					<gx:altitudeMode>relativeToSeaFloor</gx:altitudeMode>
				</LookAt>
				<styleUrl>#m_ylw-pushpin</styleUrl>
				<Point>
					<gx:drawOrder>1</gx:drawOrder>
					<coordinates>18.77698701379786,-34.05346358746325,0</coordinates>
				</Point>
			</Placemark>
			<Placemark>
				<name>3EVE3</name>
				<LookAt>
					<longitude>18.77712451664441</longitude>
					<latitude>-34.05353379831407</latitude>
					<altitude>0</altitude>
					<heading>-51.61825077813355</heading>
					<tilt>2.933693959522146</tilt>
					<range>215.477284489864</range>
					<gx:altitudeMode>relativeToSeaFloor</gx:altitudeMode>
				</LookAt>
				<styleUrl>#m_ylw-pushpin</styleUrl>
				<Point>
					<gx:drawOrder>1</gx:drawOrder>
					<coordinates>18.77671070816802,-34.05378399925046,0</coordinates>
				</Point>
			</Placemark>
			<Placemark>
				<name>4EVE3</name>
				<LookAt>
					<longitude>18.77696280751654</longitude>
					<latitude>-34.05379372289769</latitude>
					<altitude>0</altitude>
					<heading>-51.6181601633813</heading>
					<tilt>0</tilt>
					<range>237.7869421542094</range>
					<gx:altitudeMode>relativeToSeaFloor</gx:altitudeMode>
				</LookAt>
				<styleUrl>#m_ylw-pushpin</styleUrl>
				<Point>
					<gx:drawOrder>1</gx:drawOrder>
					<coordinates>18.776503066453,-34.0540315302591,0</coordinates>
				</Point>
			</Placemark>
			<Placemark>
				<name>5EVE3</name>
				<LookAt>
					<longitude>18.77696280751654</longitude>
					<latitude>-34.05379372289769</latitude>
					<altitude>0</altitude>
					<heading>-51.6181601633813</heading>
					<tilt>0</tilt>
					<range>237.7869421542094</range>
					<gx:altitudeMode>relativeToSeaFloor</gx:altitudeMode>
				</LookAt>
				<styleUrl>#m_ylw-pushpin</styleUrl>
				<Point>
					<gx:drawOrder>1</gx:drawOrder>
					<coordinates>18.77624329159999,-34.05432256244989,0</coordinates>
				</Point>
			</Placemark>
			<Placemark>
				<name>7EVE3</name>
				<LookAt>
					<longitude>18.77611850051015</longitude>
					<latitude>-34.05466779098805</latitude>
					<altitude>0</altitude>
					<heading>-61.87868499278328</heading>
					<tilt>3.526097254091322</tilt>
					<range>268.1513925594689</range>
					<gx:altitudeMode>relativeToSeaFloor</gx:altitudeMode>
				</LookAt>
				<styleUrl>#m_ylw-pushpin</styleUrl>
				<Point>
					<gx:drawOrder>1</gx:drawOrder>
					<coordinates>18.77585701014241,-34.05475555674388,0</coordinates>
				</Point>
			</Placemark>
			<Placemark>
				<name>8EVE3</name>
				<LookAt>
					<longitude>18.77605745902426</longitude>
					<latitude>-34.05471703275584</latitude>
					<altitude>0</altitude>
					<heading>-61.87865081207043</heading>
					<tilt>3.526097360161753</tilt>
					<range>268.3430573114614</range>
					<gx:altitudeMode>relativeToSeaFloor</gx:altitudeMode>
				</LookAt>
				<styleUrl>#m_ylw-pushpin</styleUrl>
				<Point>
					<gx:drawOrder>1</gx:drawOrder>
					<coordinates>18.77559742079161,-34.0552261611028,0</coordinates>
				</Point>
			</Placemark>
			<Placemark>
				<name>9EVE3</name>
				<LookAt>
					<longitude>18.77804715066189</longitude>
					<latitude>-34.05323869900045</latitude>
					<altitude>0</altitude>
					<heading>-51.61876740074359</heading>
					<tilt>2.933693872085529</tilt>
					<range>215.2870345546901</range>
					<gx:altitudeMode>relativeToSeaFloor</gx:altitudeMode>
				</LookAt>
				<styleUrl>#m_ylw-pushpin</styleUrl>
				<Point>
					<gx:drawOrder>1</gx:drawOrder>
					<coordinates>18.77783747698143,-34.05334998012172,0</coordinates>
				</Point>
			</Placemark>
			<Placemark>
				<name>10EVE3</name>
				<LookAt>
					<longitude>18.77843027766417</longitude>
					<latitude>-34.05260146252476</latitude>
					<altitude>0</altitude>
					<heading>-51.61898194674161</heading>
					<tilt>2.933693603230264</tilt>
					<range>214.7018789586609</range>
					<gx:altitudeMode>relativeToSeaFloor</gx:altitudeMode>
				</LookAt>
				<styleUrl>#m_ylw-pushpin</styleUrl>
				<Point>
					<gx:drawOrder>1</gx:drawOrder>
					<coordinates>18.77798613296056,-34.05287154892915,0</coordinates>
				</Point>
			</Placemark>
			<Placemark>
				<name>11EVE3</name>
				<LookAt>
					<longitude>18.77843027766417</longitude>
					<latitude>-34.05260146252476</latitude>
					<altitude>0</altitude>
					<heading>-51.61898194674161</heading>
					<tilt>2.933693603230264</tilt>
					<range>214.7018789586609</range>
					<gx:altitudeMode>relativeToSeaFloor</gx:altitudeMode>
				</LookAt>
				<styleUrl>#m_ylw-pushpin</styleUrl>
				<Point>
					<gx:drawOrder>1</gx:drawOrder>
					<coordinates>18.77816983824406,-34.05296489113724,0</coordinates>
				</Point>
			</Placemark>
		</Folder>
		<Folder>
			<name>Minisubs</name>
			<Placemark>
				<name>MS3</name>
				<LookAt>
					<longitude>18.7779373594589</longitude>
					<latitude>-34.05254266315774</latitude>
					<altitude>0</altitude>
					<heading>-51.61870593212971</heading>
					<tilt>2.933694095554513</tilt>
					<range>215.7729251894939</range>
					<gx:altitudeMode>relativeToSeaFloor</gx:altitudeMode>
				</LookAt>
				<styleUrl>#msn_square0</styleUrl>
				<Point>
					<gx:drawOrder>1</gx:drawOrder>
					<coordinates>18.77752879019518,-34.05288896935096,0</coordinates>
				</Point>
			</Placemark>
			<Placemark>
				<name>MS2</name>
				<LookAt>
					<longitude>18.77773751194365</longitude>
					<latitude>-34.05442100939322</latitude>
					<altitude>0</altitude>
					<heading>-42.96211437313835</heading>
					<tilt>9.844774289789536</tilt>
					<range>281.0697686716707</range>
					<gx:altitudeMode>relativeToSeaFloor</gx:altitudeMode>
				</LookAt>
				<styleUrl>#msn_square</styleUrl>
				<Point>
					<gx:drawOrder>1</gx:drawOrder>
					<coordinates>18.77710185759713,-34.05471083615024,0</coordinates>
				</Point>
			</Placemark>
			<Placemark>
				<name>MS1</name>
				<LookAt>
					<longitude>18.77871634495495</longitude>
					<latitude>-34.05229702637507</latitude>
					<altitude>0</altitude>
					<heading>-42.96266679461347</heading>
					<tilt>16.63794448821926</tilt>
					<range>299.4879544918992</range>
					<gx:altitudeMode>relativeToSeaFloor</gx:altitudeMode>
				</LookAt>
				<styleUrl>#msn_square</styleUrl>
				<Point>
					<gx:drawOrder>1</gx:drawOrder>
					<coordinates>18.77836226070447,-34.05224409450576,0</coordinates>
				</Point>
			</Placemark>
		</Folder>
		<atom:link rel="app" href="https://www.google.com/earth/about/versions/#earth-pro" title="Google Earth Pro 7.3.7.1155"></atom:link>
	</Folder>
</Document>
</kml>
